,Canada,Mexico,US,Argentina,Brazil,Chile,Colombia,Ecuador,Peru,Trinidad & Tobago,Venezuela,Central America,Other Caribbean,Other South America,Austria,Belgium,Bulgaria,Croatia,Cyprus,Czech Republic,Denmark,Estonia,Finland,France,Germany,Greece,Hungary,Iceland,Ireland,Italy,Latvia,Lithuania,Luxembourg,Netherlands,North Macedonia,Norway,Poland,Portugal,Romania,Slovakia,Slovenia,Spain,Sweden,Switzerland,Turkey,Ukraine,United Kingdom,Other Europe,Azerbaijan,Belarus,Kazakhstan,Russian Federation,Turkmenistan,USSR,Uzbekistan,Other CIS,Iran,Iraq,Israel,Kuwait,Oman,Qatar,Saudi Arabia,United Arab Emirates,Other Middle East,Algeria,Egypt,Morocco,South Africa,Eastern Africa,Middle Africa,Western Africa,Other Northern Africa,Other Southern Africa,Australia,Bangladesh,China,China Hong Kong SAR,India,Indonesia,Japan,Malaysia,New Zealand,Pakistan,Philippines,Singapore,South Korea,Sri Lanka,Taiwan,Thailand,Vietnam,Other Asia Pacific
1965,4.924317048,1.0502527126139396,52.43379506763246,1.1276320347962718,0.969469371510708,0.2603391874669595,0.31774451856177854,0.031004294999999994,0.20167533734566,0.12105235363259115,0.6884619865842386,0.18244727915075343,0.7921235604694467,0.11189382717835834,0.6718176769501014,1.4864128905798,0.430442038,,0.016848902000000002,1.6861615320000003,0.5983336558000001,,0.4094184444433535,4.684322860249218,10.678971250599188,0.284409496,0.6658631099999999,0.026885552023999983,0.242979458,3.313500382,,,0.1504388518,1.4902563370000004,,0.7436181966279999,2.793174837999999,0.17651210400000003,1.0027468759910398,0.38317621626873777,,1.2019625170000001,1.3846790685894868,0.641339269,0.32760504,,8.33217842,0.6609048983669163,,,,,,24.84781168324721,,,0.35708347536502205,0.07327983208000369,0.16729708429304077,0.29191427382288776,0.019050981,0.005079899000000001,0.8465023779999999,0.003076319325485639,0.25207388101714717,0.089139467,0.3289123540000001,0.06305544356017016,1.2751987610000002,0.3717699006074678,0.1333122580374866,0.1863636180331994,0.06141691882327256,0.002072599151518633,1.459286612,,5.516043195424779,0.09468724292118,2.217659391055631,0.30308013399999995,6.515746901600001,0.10412387395190001,0.30003090000000004,0.29459098300000003,0.196228666836,0.17239682189549915,0.268883111,0.023393791918541768,0.25161923399999997,0.11000091900000002,0.1058185161991876,0.6857676299581633
1966,5.239094893,1.11157158395628,55.38303799976934,1.1651077531389147,1.057604646394248,0.2791208379011797,0.3462238011991303,0.032621098,0.24539537642567447,0.12879858083384296,0.6950042209415453,0.18556823754138269,0.820402809717741,0.12806102271098982,0.7027889602165794,1.4320981199198404,0.46153874400000006,,0.019219077,1.6988670620000001,0.6805970864000002,,0.46621720814008083,4.794175689270982,10.705835386205608,0.31082410800000004,0.6748017540000001,0.02822468933599998,0.27235543100000004,3.5992210590000004,,,0.1441558152,1.596158762,,0.76196949508,2.8476067040000004,0.192701392,1.0695038106405002,0.3967266440488614,,1.3569037560000001,1.4791695335973079,0.688221126,0.376007913,,8.371725479,0.6953697168129039,,,,,,26.422695438079153,,,0.3887011546778348,0.08178692158583495,0.17517052668173075,0.30580513496700956,0.019873001,0.005114512000000001,0.85795774,0.003283348197505093,0.262693153145268,0.10716806300000001,0.3460883320000001,0.08340515927811343,1.2831209609999996,0.40799565684063493,0.13737589987165688,0.20491839264198033,0.06757782625714513,0.0032549846481297277,1.6008030949999998,,5.995001420026549,0.10269295915960003,2.285376552564678,0.300494796,7.198596669160001,0.1215001711183,0.31871366,0.296809523,0.21210327179200003,0.1970774090133709,0.3261303290000001,0.024210188770268017,0.269637079,0.131050694,0.18508304453486069,0.7273480989758041
1967,5.480213969999999,1.1324702682883334,57.311775723878114,1.199725304007338,1.0956531425761062,0.2845595081283108,0.3685825412320835,0.035292123,0.2497368012165689,0.13729620375040044,0.7326815715026291,0.19637860096388968,0.8537563015191808,0.13659354851263314,0.7098905110767545,1.5033838110671203,0.5363217420000002,,0.020834117,1.6725614130000004,0.6844283931999999,,0.49020509505692933,5.107205099623379,10.678946041753594,0.342360876,0.6439598360000002,0.027937430183999985,0.29529264400000005,3.9012614880000003,,,0.14196856440000002,1.687680101,,0.8176676816679999,2.9307965120000006,0.20617943500000002,1.19328835550418,0.39901196420193036,,1.466934544,1.5133737859111744,0.7347389850000001,0.388962254,,8.373413642000001,0.7051375093845603,,,,,,27.773929206297936,,,0.4270428976565271,0.08267344074935155,0.18286063313405754,0.31185096098677684,0.020735214000000002,0.007327358,0.870353602,0.019464321433351982,0.2740992129766468,0.10142614800000002,0.2960365160000001,0.08800037097868446,1.336140694,0.420155489210845,0.13679262405306147,0.20812661063328797,0.07233966974510272,0.0037012915335817723,1.697795314,,5.391340978327435,0.121294094191983,2.3559105260695383,0.296710826,8.253766616639998,0.12282456339160001,0.321344224,0.328511056,0.23824898761599997,0.23672166531643882,0.374809357,0.024809831989733636,0.294464239,0.149159635,0.2551096070528975,0.7901755389010259
1968,5.836056241000001,1.2329965534507905,60.799094256268894,1.2412339151821727,1.2528400211724782,0.2838664772295479,0.3883016469470866,0.041699712,0.25429380070806873,0.14153143545491736,0.7899855626150872,0.20172173126266235,0.8721888230201205,0.1412366285637511,0.7595373975603781,1.67533061569604,0.6001334220000001,,0.023138106000000002,1.744665257,0.7151871396000001,,0.533344056000889,5.389032489888274,11.402203314677791,0.356015359,0.668123772,0.029560844775999982,0.34450096900000005,4.2178992939999995,,,0.15354995479999994,1.8878092289999997,,0.915757743268,3.1542017860000007,0.21014316700000002,1.2697193667359599,0.4405856251550294,,1.5431175380000002,1.6186121135533524,0.7729109470000001,0.45282054000000005,,8.673094165000002,0.7759887323240963,,,,,,28.805019284188273,,,0.46893029133095415,0.08838610667295572,0.19160803048573916,0.32849957517290507,0.021682377,0.023182431000000003,0.8838649709999999,0.02500096701414822,0.2929642854233739,0.10887872500000002,0.31888730800000004,0.09444428995903913,1.410133083,0.43768063916959565,0.14193143850645026,0.21008973368312478,0.082423166217243,0.004260359431914343,1.8005474320000001,,5.445350202176991,0.131141121814914,2.517670031368624,0.31620689300000004,9.20331683176,0.1251975381382,0.32863681699999997,0.372853069,0.2691612554816,0.2942443369250338,0.42967107399999993,0.025945259284776024,0.337734819,0.191591653,0.26452822201874737,0.8511813229036297
1969,6.18595265,1.3536893345652083,64.04961230554675,1.2839123961458132,1.3678315487244248,0.3057122533917099,0.3950015623379314,0.04429498300000001,0.2560955698480403,0.1459522315152814,0.798485534512245,0.21562651664684368,0.8942189011244828,0.15154620227548937,0.7881495779915778,1.8386363179201204,0.668657294,,0.027323257000000004,1.8191461290000002,0.8209535534000001,,0.5880714876785454,5.940526753297736,12.301291687877175,0.37567291900000005,0.715483514,0.02940447843199998,0.34576337800000007,4.5430432,,,0.1652614134,2.105164568,,0.9190258537360001,3.369190036,0.22718970500000002,1.4594923464907281,0.46037776142979947,,1.7448277010000002,1.6229809354215534,0.800908432,0.494408629,,8.987065320000001,0.827786472649925,,,,,,30.072811206822255,,,0.5140755354454545,0.10369912887788339,0.19975687060200653,0.3370382384546751,0.02258616,0.036427103999999995,0.8987859690000001,0.025088130540443853,0.30679253095718495,0.120508183,0.26157595400000005,0.10344843678444444,1.4519196230000002,0.45809157153003544,0.14901045176623698,0.23572414146415627,0.09158210735456966,0.004763617649477868,1.874719856,,6.627664195247788,0.15407978321439397,2.7908979433686243,0.357008839,10.48879508582865,0.13113699805,0.334485073,0.37454457,0.2883310755696,0.2891466592358571,0.518671962,0.027186495478080247,0.354152286,0.20263299699999998,0.31245626633370066,0.9039492007368226
1970,6.624581111,1.4448340709047367,66.21550766100877,1.2127622515030838,1.585816640227802,0.32266634811407724,0.4309344005643688,0.052921601,0.26428486036371224,0.16085009455702803,0.8054636516334676,0.2249104190642995,1.0238136261792,0.15862040863921462,0.9012019346384855,1.9423568088388001,0.7523020830000001,,0.028817385,1.8956340320000002,0.8747464410000001,,0.6480060102424242,6.4517397307350945,12.985578497273613,0.417204996,0.7708460880000001,0.03545983495199996,0.27237586300000005,5.018087401,,,0.17159681400000001,2.375192768,,0.9631505014320001,3.55528559,0.272754726262,1.553449921768196,0.5089718218926255,,1.885351874,1.7245300373039867,0.8774356110000001,0.5258539430000001,,9.175234446000001,0.9134279205792123,,,,,,31.634512141810976,,,0.6052292839922555,0.131474461975208,0.20761358511971031,0.2747171547622082,0.023621452999999997,0.041492474000000015,0.9462796289104047,0.03458012840433942,0.31073696366769255,0.13195784500000002,0.32612871600000004,0.10838050066719809,1.517304268,0.5175972558590017,0.15628138376598458,0.2647142797812809,0.10902841919348814,0.005773504358229924,2.0454146966320006,,8.486606443362833,0.165534032244954,2.7295491466719213,0.38234089400000004,11.72728154253914,0.14579361653201398,0.372462899,0.368740862,0.32806684356960003,0.31393934196249146,0.60208933,0.05078940876,0.38579297234515,0.24103187600000003,0.3259294021907408,0.9637324163976208
1971,6.831992434000001,1.5199836106514335,67.5919436274928,1.2883781834401833,1.7342590984950121,0.34880410200000006,0.4235459075447413,0.05814900900000001,0.276149971,0.16252435300000004,0.81808536382367,0.2353684102174666,1.0588802090054652,0.17512676579513267,0.9002512221591271,1.90551731554388,0.7833891970000001,,0.034374652000000006,1.9925447580000002,0.8266710740000001,,0.6648021228080807,6.713648770544809,13.105293662089124,0.497366772,0.7958873050000002,0.03859484827999996,0.283140603,5.285706687999999,,,0.1650088886,2.5046912110000004,,1.011705797248,3.667753764000001,0.30054988401,1.6479357983999998,0.545960106,,2.0747758160000003,1.7493432091254069,0.8984717019999999,0.5826551719999999,,9.005758119000001,1.0679331439857223,,,,,,33.18995887538753,,,0.6623756328889654,0.14413622731932632,0.21603027301495553,0.274618491,0.05569741000000001,0.04133249000000001,0.9477788342851318,0.05269691000000001,0.33286800352685003,0.142825345,0.33510928108399995,0.11522724018351997,1.6344228336641546,0.5549789491887822,0.17950318254676192,0.3412401409258567,0.10036921143278402,0.00614667316944397,2.1478909066995997,0.029287050000000002,10.061688834044249,0.174814767,2.8380433381092396,0.36595772,12.485163245521838,0.16061205431389616,0.3893282,0.35812035100000006,0.37558216996079996,0.27251234996000007,0.6514330730000001,0.04776673343,0.4848018971202001,0.26693996600000003,0.29057302873488294,1.0563997463381625
1972,7.348641542,1.6804659571661091,71.06433022273536,1.3114422291550625,1.9978797479863437,0.36013750800000005,0.47575446345561906,0.060766101,0.247315102,0.224026671,0.8645864919555515,0.25660433083214657,1.130280716907324,0.19419562759006131,0.9314194558912473,2.0257198989051606,0.8061941540000002,,0.038653286,2.003828014,0.8724167038,,0.70146171679798,7.177823589670711,13.560713910114217,0.558132225,0.821729805,0.04195617147999995,0.2988136880000001,5.543617118,,,0.17015187880000002,2.9092273160000004,,1.0726973282999999,3.8684618840000002,0.3265573905309999,1.7350556229000003,0.574159779,,2.242428942,1.8014690233640764,0.8873605090000001,0.6508049140000002,,9.138020592,1.1129796147685527,,,,,,34.88352350767149,,,0.749891862141267,0.17083146582792982,0.225410183842161,0.305396797,0.06363798,0.045723369000000014,1.015808642242872,0.056340540000000015,0.33405663782506756,0.16041290100000005,0.3721138088560001,0.12457435344012484,1.6879674558928053,0.5818771774914254,0.1862484237277902,0.3686139782509676,0.1276104054554659,0.006353397071194642,2.2460705703104002,0.05719771875200001,10.846552900469028,0.198554721,2.987987055334456,0.388245866,13.080781048685507,0.18167976264723318,0.4155403920000001,0.31572771800000005,0.371699593352,0.34123531066,0.6753877460000001,0.05163536043,0.51774774609195,0.324421661136,0.28173176659648913,1.095764206271478
1973,7.857611557,1.8126945313902838,73.98487539567992,1.3679103524680438,2.382002141859865,0.346330769,0.47506921413959313,0.065066407,0.284076483,0.22220909500000002,0.9896455222796307,0.2691886757707197,1.2186051925133137,0.20098688433469294,1.001043436593139,2.05287372008468,0.8374068720000001,,0.041469013000000006,2.0158951490000003,0.8440749412,,0.7735770777979798,7.7971474384353145,14.340475327803729,0.642726858,0.8898334220000002,0.05065304867199995,0.314117321,5.789507085,,,0.18038414980000003,3.094615969000001,,1.135750796072,3.9409580530000006,0.36118057674500004,1.8880965332999997,0.597475395,,2.4611120730000002,1.9037532878635668,0.9810340020000001,0.738196487,,9.593002311000001,1.1675239945510323,,,,,,36.674065747451415,,,0.8967166382763561,0.1667307100048,0.23584867419342548,0.30473984699999995,0.05535329,0.06487565700000002,1.0836012723850843,0.0730552,0.3699157373827493,0.19121728100000002,0.35153733061600007,0.13875328545590213,1.815941854495173,0.6137840531020602,0.20773898386113906,0.41370754125722764,0.1751314771562055,0.00699635041714665,2.4012507067444004,0.070641178072,11.449055799327438,0.20592748299999997,3.049282999334456,0.437741847,14.530945027504178,0.19532822487979135,0.43270718799999996,0.336799299,0.433903128352,0.321575837856,0.8355856319999999,0.051936039170000003,0.6056109523533999,0.34398320059599996,0.2973663122714585,1.1343712547330067
1974,8.099353899,1.9967721993175414,72.12094638884265,1.4275361264187731,2.602140444063089,0.34257042400000004,0.5323572199345713,0.075953428,0.329223089,0.214035686,1.022913468067119,0.276938292537345,1.211736525659052,0.186326811368156,1.0040107361107904,1.9824695392476799,0.8625685090000001,,0.036767103,2.037043744,0.7679145684,,0.7403860490303031,7.651406323510126,14.08880430859687,0.628262611,0.9170889009999998,0.04933012573599994,0.31953154600000006,5.786941551000001,,,0.18316979220000001,2.936741619,,1.1441680953520001,4.070803236000001,0.378017136878,1.9007146260999999,0.6282381390000001,,2.561172119,1.7604546517010067,0.9360527750000001,0.752361258,,9.109589046,1.2936943233336997,,,,,,38.69883929518339,,,1.0147881148026345,0.16435486265585963,0.24092853488489346,0.292631028,0.05086038000000001,0.056563846000000015,1.1496735707598114,0.08026384000000002,0.4122210366800157,0.21175151900000003,0.399887082124,0.14828774687967194,1.8680102216838468,0.6360208613936115,0.21504679483796604,0.4251368607260554,0.19199758099181155,0.0069793408167450706,2.55325295472,0.072998559412,11.805455074380532,0.21080708299999998,3.2325473950938406,0.46906368300000006,14.588125539354674,0.1982208832727415,0.4360455077608508,0.360269806,0.40435293109279996,0.317010669156,0.868421314,0.045607065720000006,0.579024971372,0.3575683579,0.22109365566515496,1.212218757343592
1975,7.956117337,2.1341911591414457,70.36160600106365,1.3916435714635444,2.74924606698952,0.308504314,0.5433249062425399,0.076844726,0.33902454,0.172458692,1.0632541578955972,0.3037325592697287,1.1787889653007144,0.2053696348167557,0.9964771566069316,1.863168410834616,0.952994197,,0.030708827999999997,2.120308178,0.7568485672,,0.7526278530909093,7.202792105561951,13.534569421603612,0.7125428100000001,0.970882981,0.047306690999999935,0.2989855,5.662812547000001,,,0.15215227180000002,2.960328511,,1.161145527472,4.391371144,0.3764900592219999,2.0729996801,0.657776075,,2.633977264,1.8658857323711682,0.9694766770000002,0.837132633,,8.588696660000002,1.30461279611638,,,,,,40.61547515074225,,,1.1814173336373912,0.1807134336434526,0.24820720943917401,0.263014662,0.04645691000000001,0.08440325200000004,0.9117390709034694,0.08589315000000002,0.4534872082903684,0.253119235,0.443055270232,0.1509409711669059,1.9915450045518075,0.6209513255193132,0.20218437608503323,0.4581519199812822,0.21524573769783292,0.007820532947948908,2.5957061801131998,0.082865656336,13.221453633690263,0.19845753600000005,3.473186891128009,0.5745613840000001,13.932669373151676,0.20585875027275086,0.4422041536299279,0.388315704,0.4376675245328,0.30954946856800003,0.9550639430000001,0.0452442336,0.6378392825122,0.39422934221200007,0.2457398355526687,1.244515027546696
1976,8.439991487,2.2707185356239705,74.19373885955814,1.4674587656693503,3.019283713942201,0.324363283,0.5660001844846401,0.08465873300000001,0.34442183,0.193916248,1.1620624830334205,0.31591592372877403,1.2011348054361946,0.20809425612241608,1.033949196385596,1.976171914006112,1.0086351940000002,,0.031223014,2.1796903029999997,0.8331831798,,0.8004262628181819,7.67808012904318,14.443665327970898,0.787453597,1.037250587,0.048870110999999945,0.30517537699999997,5.979511270999999,,,0.1524080006,3.2285903640000004,,1.2424695929240002,4.626544029000001,0.37359737061900006,2.2352029003,0.682378403,,2.818938959,1.9865410219860553,0.928909289,0.9418583849999999,,8.763788649,1.39008301989891,,,,,,42.19438242155372,,,1.3279468027529628,0.23083661267025968,0.26204585705725303,0.31030180199999996,0.05348303,0.05421650500000001,1.0540594980648632,0.10868485,0.5081870233517103,0.29531663300000005,0.5293009946000001,0.1636574954731929,2.078156444091352,0.6659271539092212,0.19983531681628522,0.557943558363521,0.2527998188551342,0.012241758384846695,2.6868639176094002,0.095066229204,13.920863399991152,0.23432750600000002,3.6426905841203086,0.603997182,14.441710579399029,0.2286974367392205,0.4571564095073811,0.394135312,0.45463107470879993,0.36717078542400006,1.068516116,0.04532668656800001,0.77802165292,0.41627709746,0.14208037866350903,1.3079650385860955
1977,8.936246164,2.394828260725485,76.14413312342997,1.5330676861702373,3.2265889758800164,0.3363913760000001,0.5788516910053001,0.100776332,0.34649950499999993,0.201746506,1.2948514265955875,0.3191250723438519,1.260209857149145,0.22135688382551585,1.033673761997509,1.9790882039833764,1.0625134489999999,,0.035269141000000004,2.2510656100000004,0.8502645888,,0.8445641174497608,7.762289556184413,14.403810536092514,0.816644469,1.090630635,0.051696423999999935,0.325187948,5.991596973000001,,,0.1422091608,3.170639956000001,,1.1464741906319997,4.823837591,0.42062325007000007,2.36975682535,0.7171248060000001,,2.911105211,1.959996895080837,1.028363835,1.0312454720000002,,8.927457302,1.49060444590154,,,,,,44.08184893281129,,,1.5050108891776972,0.23800265789875086,0.27386204599359953,0.31644641,0.051523808000000004,0.07553955100000001,1.2447450269106421,0.1786734,0.5615588272790879,0.324591825,0.5737903116960001,0.18340522257956843,2.129082188633742,0.6744708220921947,0.21071405726087666,0.6043284286694717,0.28623349540815596,0.014293517509188723,2.820108604576,0.097596954468,15.18078430938938,0.253021682,3.852342996887393,0.798368469,14.550493189929044,0.2541157874538683,0.4663957891895221,0.42623944299999994,0.4905925613368,0.36854867585600004,1.2290231600000001,0.04855011006,0.85419764732,0.4584152870560001,0.15198314643433936,1.385459405658864
1978,9.054126246,2.698444110419691,76.48907002313157,1.5640078859152917,3.556023676501739,0.3561547720000001,0.61918968493312,0.10527193600000002,0.3447287880000001,0.20312480800000002,1.3232027326092786,0.3339412377644271,1.2936692559616405,0.25034996133554127,1.07899256767303,2.0657486863237557,1.1006919469999998,,0.036160147000000004,2.282668718,0.8626075588000002,,0.8782973803056886,8.114521733014595,14.92458913044245,0.830329686,1.166446592,0.05398426999999994,0.33835203599999997,6.1430829639999995,,,0.14795261580000002,3.2343703809378073,,1.2865911578880003,5.064854979,0.442815344788,2.5518663512999997,0.752560263,,2.9225804640000006,2.2822475338489663,1.0144492720000002,1.090058466,,8.979262683,1.6221016616150825,,,,,,45.98043531502763,,,1.4706397652448875,0.22902272865874615,0.291894051293556,0.346433003,0.059912555000000006,0.07246245800000002,1.38720862811823,0.20631964,0.5968849837750803,0.407940009,0.60686700692,0.19470053185979116,2.108394975009147,0.6567156979131772,0.23439686743903476,0.6369639376701159,0.318835199943384,0.02822612026953588,2.8900453225776697,0.10517824333600002,16.647430175592923,0.26286067300000004,3.9987736496203086,0.884758727,15.155525226526269,0.3486487689170256,0.46049438421049765,0.455736419,0.511565158508,0.379345110612,1.3760734640000003,0.056005412934400006,1.00842045856,0.49939771966,0.1575424788203566,1.4625110427477346
1979,9.326797594,2.983510074489897,77.39115847550256,1.6587508574173868,3.849862496510347,0.3680505400000001,0.6577697010319999,0.10969552099999999,0.35871304300000006,0.179465763,1.4583665882383101,0.34168070429034475,1.3345969276952294,0.2609557295021628,1.1418548577413636,2.1256884981221202,1.1422482790000001,,0.0366942,2.3065143809999995,0.8608764808000001,,0.9485936161281234,8.354651123668159,15.753260767990177,0.728630797,1.1550439790000002,0.05624523499999992,0.3730981070000001,6.336270423,,,0.152075173,3.3415405207129836,,1.3763283048480002,5.140185296,0.469771306958,2.6020234388000003,0.7740908820000001,,3.1461575899999996,2.407555046485574,1.0110448310000002,1.0272885069999997,,9.399525426,1.7586466563856624,,,,,,47.239656929564575,,,1.587081030968949,0.28738894588408714,0.31942711000188495,0.42044827500000004,0.069023617,0.18131783800000006,1.6806358324442967,0.2425341,0.6852626874211202,0.5345570180000001,0.663695573548,0.21714949045910809,2.177614651414197,0.6775606247733208,0.2379433053412149,0.739865069783812,0.4156336576171259,0.02923879756323302,3.0040484497315854,0.11650037461999999,17.147246224548674,0.269146653,4.223199995112608,1.0098195920000002,15.75079441517292,0.4262620348833034,0.4655751212461509,0.49687903299999997,0.5331379655912002,0.404399942032,1.5859868200000002,0.058139094708,1.07018469496,0.526231317704,0.16969567715075157,1.576614227275695
1980,9.518029260999997,3.251658510093614,74.5829180097075,1.6572183103338882,3.927910430280431,0.38004133399999995,0.6690116416749741,0.13918268,0.38326884499999997,0.172582117,1.6329950494278382,0.3323051648667672,1.499631256268457,0.2758880200768844,1.1363651313836982,2.0346572733128805,1.2058497710000002,,0.037003194,2.2334608850000004,0.8386304736000001,,0.9446944782769805,8.245627814354819,15.234046088106062,0.721791189,1.1585473700000002,0.05692244799999992,0.360987694,6.173492865000001,,,0.1401823286,3.1374716719859235,,1.310102472008,5.382382986000002,0.458049814204,2.6264947876000004,0.786155174,,3.172538449,2.262952499992874,1.0810929850000002,1.0670675569999999,,8.561539160000002,1.710857065860255,,,,,,48.291290035203176,,,1.4677639206359796,0.3421295075167982,0.340358537563726,0.31718511800000004,0.061410160000000005,0.20733643100000002,1.5117887935623722,0.38980522100000004,0.6584403631685583,0.6375487999999999,0.7569452166399999,0.2178144267419842,2.324471199116602,0.6782934485248612,0.24760573092496715,0.788320800552381,0.4323107733316095,0.02992342740583146,3.0243294899630646,0.13130494892,17.482637774624102,0.275024968,4.350661092146776,1.080048536,15.280775499633307,0.4586624052270771,0.4668157586906664,0.551344289,0.5239288276399999,0.4016561609040001,1.6325281759999999,0.058699623867600005,1.1291593872,0.527222630824,0.1939793695591214,1.6908343026583021
1981,9.408892300000002,3.5914036342253572,72.39532948499286,1.5976867729448028,3.8293116939683793,0.389954395,0.6849036220512219,0.154495622,0.40240190099999995,0.182242416,1.6940813480946006,0.33658854415858824,1.516097619184334,0.25937788415252827,1.1015709414268398,1.9344244657838399,1.1874283710000002,,0.035482297,2.217081276,0.75326086,,0.9500879744928229,8.154019414072,14.756407095787056,0.705265568,1.1467832990000002,0.05803525179999992,0.352212338,6.045334218000002,,,0.11987518079999998,2.9751545980118173,,1.3807244610640002,4.852721255,0.451561462973,2.6326964107999995,0.7800609439999999,,3.2023361699999997,2.241885057962808,1.07837455,1.075978432,,8.323674066,1.7018073015359612,,,,,,49.31850173047518,,,1.4706360400933618,0.33993579947168345,0.346307024891004,0.40172134699999995,0.064900791,0.19456717700000004,1.8045423252758392,0.455552746,0.6917150345181104,0.7744341220000002,0.8613540248480002,0.2115602874796059,2.705867867194717,0.668293940134087,0.26327608581980505,0.8235238070584292,0.4619016211940915,0.03629931868309851,3.0494392142706266,0.132219676506375,17.247544695922837,0.293073079,4.8187759757184,1.1734714240000004,15.067970089242193,0.4704173729919871,0.4671360178522611,0.592941205,0.521192366576,0.462095297612,1.7089216886000003,0.06747439182680001,1.0554272346800002,0.5336782406599999,0.19441571140266717,1.7470608443784739
1982,9.090671024999999,3.7444631754178794,69.37762594315399,1.6360296077937977,4.019244408463384,0.35683937300000007,0.7162022952609116,0.16974717600000003,0.402037987,0.21404215900000007,1.727425280742731,0.33525738319074017,1.3253368913378822,0.250691415823656,1.0648248022925415,1.8499159551229203,1.216574054,,0.042529651,2.191338982,0.7199482638000001,,0.9379896395730994,7.85066545748,14.233543424689413,0.714761976,1.1518748440000002,0.059411944799999915,0.349717695,5.924759869999999,,,0.11231360280000002,2.750663739745398,,1.3640418692240002,4.941613239,0.4877024809210001,2.6105376123000004,0.7716950600000001,,3.1980792859999996,2.1322093335558794,1.0556275740000005,1.1741126979999998,,8.214225942,1.7721584338366791,,,,,,50.5546609494802,,,1.6595661055940896,0.3550791175583231,0.36003682715665847,0.401801977,0.08597501800000001,0.23524621000000004,1.9878413494446225,0.492733183,0.812458427301877,0.8928945839999999,0.9616262064280001,0.2183290984347547,2.9107202788002633,0.6586666269240518,0.25472171286954925,0.8593425067972608,0.4739700418505092,0.03656850806309851,3.047560839187096,0.145971428728625,18.009721019605472,0.32166107600000005,4.777145138000001,1.196322802,14.472213190410358,0.5070809214902775,0.4834257135735437,0.653786021,0.506419725104,0.4496171407080001,1.7100584598,0.0747736475984,1.0601300465119603,0.546331387604,0.20769033169211995,1.8174507157066009
1983,9.028668048,3.7038598446256614,69.07058060287035,1.7091846844515752,4.098749689614086,0.36658137700000004,0.7527427021490295,0.16570931099999997,0.3553616189999999,0.20883845400000006,1.7198252604878899,0.33606686845042494,1.2757943989667506,0.23898242929091745,1.0620366376887478,1.790855777204584,1.2243272950000004,,0.044750447,2.1948082120000003,0.6843206061999999,,0.9283732488607126,8.040824471884001,14.43548376679858,0.7195659360000002,1.1314964560000003,0.061311740399999905,0.3446557539999999,5.8000460380000005,,,0.10498811260000002,2.7639241846937246,,1.4969646481440002,4.964126143,0.504397520374,2.5934571598999994,0.7737974330000001,,3.2733269880000004,2.112913551488413,1.0993280520000002,1.2156468349999998,,8.246208772000003,1.9108341902943857,,,,,,51.61728953057554,,,1.9705695286418707,0.3928529185348849,0.36289804481208443,0.4434495000000001,0.080460311,0.24651954600000003,2.152825342632254,0.47407525100000014,0.86747299618853,0.9753283759999999,1.04349869824,0.22422579543809668,2.949647484214171,0.6627164938212289,0.2818470732615493,0.792016472662157,0.49911832585050914,0.034378030012603776,3.0539811859463106,0.14425759490440002,19.166483587064278,0.34107476400000003,5.026523483331776,1.2685675889999999,14.664063930322257,0.5826073185648997,0.5024439145408119,0.6982869449999999,0.5471479328928003,0.47632167141600007,1.8579537118000002,0.07632848089600001,1.1972141737750401,0.6040874547920001,0.21737786223238803,1.8890625178044889
1984,9.615311746000003,3.8754403908583,72.74461609335435,1.7062133702149815,4.400627743160595,0.38355117800000005,0.7727922065371505,0.18356886400000003,0.374616335,0.20585304599999996,1.7524300835444957,0.33986191281644573,1.3512418607290133,0.2411685307139288,1.0535647129573302,1.8710880265824,1.217173582,,0.04540496,2.26798378,0.6957635528000001,,0.9678482802115896,8.306439085240001,14.964360782244832,0.751049009,1.1619354720000001,0.0645325911999999,0.3410426900000001,5.889991957999999,,,0.1131147314,2.8697047712320902,,1.516455748944,5.160677617,0.5246028393889999,2.5738874378,0.833710487,,3.320407431,2.234480888177385,1.067091598,1.279067186,,8.241763436010102,1.990790948203092,,,,,,53.55185684665286,,,2.12945883739733,0.43102687630501774,0.36811679924806856,0.47271145,0.11697694100000003,0.2788134120000001,2.575163015252833,0.5907552540000001,0.9356628434469249,0.936414691,1.1353916266000001,0.2272980177847189,3.2226724859833555,0.6581656883666055,0.2672428963808981,0.7281520562655657,0.49508685254599016,0.03564290814085116,3.187339711497491,0.15581437079672503,20.564972804995122,0.349425983,5.367804272124499,1.3740226950000003,15.91855481849259,0.6263817054865712,0.5300541341183245,0.739163788,0.4975232220896,0.500769127132,2.029138745,0.07579438857799999,1.2681792710517599,0.6647617414479999,0.2190641580617654,1.922886984620696
1985,9.921055951,4.065132934332888,72.56411356936276,1.6648351628850815,4.685955693639595,0.38893017200000013,0.8034053604551873,0.217370336,0.371452135,0.212742638,1.798970845960505,0.3480811688181626,1.2708509008008908,0.28307138464041787,1.1062045634020592,1.95202044020704,1.2084960750000002,,0.04883536699999999,2.2718418590000002,0.7840305436000002,0.42642940338684027,1.0166402742381713,8.578297752728005,15.401688971841962,0.7934682570000002,1.1986788000000004,0.0638764037999999,0.35779602600000004,5.866907897000001,0.3807173971834662,0.648202906019084,0.1161654376,2.9607551500373264,,1.501541177504,5.27740528,0.534570947715,2.5654523939,0.8594184220000001,,3.293090736999999,2.42876807393849,1.1395550063864963,1.3821610309999999,9.991999514109473,8.590924850010099,2.5449106323623405,0.8442044369155274,1.4689444462089218,2.862336917178882,34.27409200177145,0.5151727227385569,,1.7340278466456718,1.4014113904420105,2.3240695853227096,0.5094789997646129,0.3578351136751871,0.46088743099999996,0.12085567600000001,0.28355614800000006,2.627086697987079,0.7323517900000001,0.9830287719509694,0.9438509070000001,1.17795606146,0.23477643177600002,3.2908565354243615,0.6813219041940975,0.2995845145337558,0.7792549887937825,0.5573336572503826,0.04006548128242894,3.2117567559199114,0.173309998165975,22.242502558623837,0.36276569200000003,5.668948496875629,1.460723443,16.02362407561515,0.6262863373399891,0.5364503131468122,0.776903442,0.48008727085840003,0.51081713346,2.2413543817999995,0.07391642222599999,1.4812206857664443,0.696575910368,0.21777335153298044,2.0515740643399085
1986,9.946250274999999,3.9479575542806633,73.00463311108864,1.837627038797112,4.99639497192059,0.40636104800000006,0.8296104135295065,0.22747262299999998,0.3975346729999999,0.22118609500000003,1.9322550618691214,0.36057381768081037,1.252440577349489,0.3711803759530413,1.1173057111272824,2.0133352284679957,1.232987534,,0.050916378000000005,2.296259384,0.8013410248000002,0.4243782708751901,1.0284280804779373,8.786792732284,15.274408513840521,0.794881294,1.1928719520000002,0.0667737033999999,0.38641717400000003,6.026998503000001,0.3536308865068335,0.5978512501574855,0.11354992180000001,3.1073705092178705,,1.467330445052,5.426387693999999,0.567572519653,2.6213239958,0.8517362950000001,,3.3641406359999997,2.5235537906754777,1.1967733615459861,1.506861178,10.038549257049567,8.829617992010103,2.669940306420281,0.908828778327393,1.6770051988195265,2.928217047990625,34.87939211665118,0.6411847346711542,,1.7062738676690032,1.3362815363508342,2.1758373791103938,0.5653064800981337,0.37630443846548045,0.5228183320000002,0.113254447,0.31025969400000003,2.8248173543040926,0.887068956,0.9982804544640322,0.998804695,1.2062959748800002,0.242711693624,3.3511838323971945,0.7167135868014604,0.2979742999021765,0.7696269972323779,0.5707319854919283,0.042534237098670366,3.3204125873865795,0.18884135010365,23.311135627948666,0.38012729900000003,6.069131145597109,1.6195043349999998,16.04336025813246,0.7021544600246654,0.5812536946227097,0.8243154020000002,0.48746943358800005,0.5929949634919999,2.5135970096000007,0.07597892575,1.6072642569975923,0.7426812303802051,0.2385718361619297,2.074904533084148
1987,10.288276055,4.079445317576233,75.47505985819664,1.9205662602433637,5.145734871744383,0.426337909,0.9020167602632936,0.23416707600000003,0.427185432,0.20880331400000002,1.927042502405004,0.3840223843226159,1.3024937015969003,0.43808536174012513,1.1782861136198464,2.073728959424408,1.2423496360000001,,0.062210971000000004,2.347826779,0.7724845186,0.4307988593041214,1.0823832288017012,8.9437933069,15.402479917585385,0.8696948120000002,1.2454817640000002,0.0689075203999999,0.390946463,6.209815159999999,0.3220558388876847,0.6265962054441746,0.1072957068,3.171349443289122,,1.5402031519160007,5.602524825000001,0.5805638393170001,2.7183895128,0.8709235729999998,,3.487520305,2.462961147926499,1.1882544386443383,1.7145128270000005,10.251915938767036,8.815988921999999,2.703127352845585,0.8807174591434949,1.7014168112520476,2.993643324572772,36.02177437036852,0.6378576557153645,,1.7404934470462334,1.3754158859173886,2.3333411944275118,0.6788073945937244,0.416588116420283,0.48679152900000006,0.127566846,0.30936685,2.9943020212060083,0.9901916810000001,1.0501266077650981,1.0262832300000002,1.2635576279800003,0.24990195003600002,3.404853922915138,0.7191342076419842,0.30474330596011184,0.8045063837162997,0.6320471295049171,0.043520447146388704,3.4091355366360303,0.2084108197353,25.139286873539124,0.41767020099999996,6.457539939872996,1.7122552690000001,16.367990641573044,0.7241581555330046,0.5927066282683277,0.92316215,0.5292487976439999,0.623525313112,2.7843417440000002,0.078142579138,1.7269106464552406,0.8521418042248228,0.2688854013671377,2.016030291280719
1988,10.70825968,4.108589081440383,78.93009067178606,1.9463091711716556,5.342259319220719,0.47600602200000003,0.9026572598933159,0.270742945,0.4169332680000001,0.229474171,2.0059005784202233,0.38111217064969133,1.316403389849517,0.4651244344687269,1.1605392834720667,2.114959729052892,1.270604578,,0.064242021,2.3581136050000007,0.7639737618000001,0.42347831347133363,1.075514157994684,9.058563473252,15.451627624413558,0.9186349540000001,1.2161622220000001,0.07266909739999988,0.3889534900000001,6.362649933,0.30426856885917664,0.656947313868373,0.10996517600000001,3.1816855123123093,,1.5860786211880002,5.495561878000002,0.6428833475169999,2.7665543827999994,0.8754167669999998,,3.6366308610000004,2.406280942915997,1.1968490301759702,1.8798928470000003,10.256079356745325,8.931675788010102,2.7861882508819145,0.8814499809473251,1.7258449865186525,3.1021360734894197,36.65220647452218,0.6421769305996142,,1.8468622505594507,1.5206590502393822,2.46490799241485,0.7913692474072247,0.4459232907019286,0.5526617660000003,0.12380067600000003,0.28500600600000003,3.133033476022084,1.093730439,1.081814118459934,1.0994005150000001,1.301828221868,0.26394875430799997,3.747982171823043,0.7784488641983084,0.3201764623036259,0.8590822485889832,0.6423433342892788,0.0470769170856487,3.5677201842841346,0.23203945681575,27.002853132863848,0.481136694,7.027743100061921,1.8070819409999999,17.413318795765964,0.7686351364505781,0.6164198081828196,0.980903332,0.5834481417432,0.72141976634,3.110226569,0.08056363838999998,1.8943280212156042,0.9547318835277627,0.26858958065784133,2.04751567576602
1989,10.815393108497078,4.337943074399802,80.810177946229,1.8669389175184583,5.449779581633223,0.525161096,0.9497850313794969,0.279215004,0.382848059,0.225758312,2.022655680711834,0.4052244158110817,1.3682370614517854,0.5101765470026982,1.1672250905634032,2.131103576465964,1.259768342,,0.06592331700000001,2.285869651,0.704453164,0.4364102058191722,1.0805254726714517,9.184350008231998,15.287518290279992,0.9962244909999999,1.1845693390000003,0.07526764419999989,0.40085074000000004,6.545531974020202,0.3038061737748557,0.7110318403212087,0.12634759960000003,3.1962025124203253,,1.6882456207920002,5.28909226,0.6989572639031011,2.7720936618,0.887753424,,3.820775490060606,2.351306722819191,1.1205108179819245,1.851817977,9.81456534294636,8.940783925000002,2.7054069239137264,0.8988588215866695,1.6691654590159284,3.05345931103922,36.78861700722146,0.6598437681838574,,1.8755663351333194,1.456096864198665,2.697272535310165,0.8868393219410946,0.4619525378835885,0.601026738,0.14047150499999997,0.30453521900000013,3.083607982604367,1.231627587,1.1030433693812496,1.069299968,1.375204386664,0.290302983512,3.580431074283868,0.7885607552912292,0.3367182275687346,0.9046657954026336,0.6920858099578215,0.05094388994638871,3.7398675008984656,0.25001774080632505,28.334376865762,0.5142940480000001,7.67454044301933,1.9991981690000005,18.01135339297343,0.8583204731053691,0.5550874680083151,1.0408019649999998,0.6313056268616,0.822608385144,3.3798999399999996,0.07991339503800002,2.0125803830239795,1.0974366130642617,0.254137685585441,2.022424254241639
1990,10.619272631242426,4.564141535239785,80.99330473051,1.847543730710813,5.359907432130135,0.5532447838000001,0.8882187320903928,0.28830683200000007,0.37870595199999996,0.250513578,2.148937217786819,0.41947338379431837,1.3488584967279453,0.5519088549145372,1.1863369444759626,2.2583014649528432,1.1620428605103073,0.35917644753200006,0.069388329,1.964823054292,0.7263345108,0.4335017245134227,1.1511460701245537,9.463120403260001,15.047342504,1.0490713886321896,1.1711144667174864,0.0753364555999999,0.4208721647753863,6.574578072911192,0.30837789287792244,0.7228652481461584,0.13368069862344975,3.2768013072821383,0.10645767345223917,1.704955848890656,4.3561908780000005,0.7075340504068304,2.639412175077891,0.8902722111800001,0.24655984302698974,3.819150386611768,2.3919756655233195,1.168925200322169,2.0082420269999997,11.416146712085073,9.011881163,1.910354790450492,0.9360200059285212,1.600447601583229,3.089179289888228,36.14082160272608,0.5468081751090244,,1.8278539418041606,1.466680589476037,3.0354338733572015,0.8215179831207717,0.47896922791825897,0.285040734,0.17591037000000007,0.3106652850000001,3.34205835618329,1.249265418,1.16119006156601,1.1338183290000001,1.4208689988759997,0.297133643908,3.704339405118966,0.8878922346270046,0.3115669724604939,0.8783552164407993,0.6765864122804309,0.07629764840774024,3.8057630719360724,0.265312729071075,28.701087430774113,0.501687875,8.236359628423275,2.20223140727473,18.60675308640622,0.9265330744358833,0.6557341945877041,1.088679499,0.6559177183696001,0.9830461438639999,3.8233358041999996,0.08687423227999999,2.137629896234375,1.2984667280405566,0.2730380885871853,1.9785582087258242
1991,10.64074439979532,4.741419433168911,80.87997295559741,1.8687394569613918,5.565708435462714,0.6198553452000001,0.9225367528515067,0.318681332,0.37532873899999997,0.24976261861850005,2.158771921007014,0.44411025392462455,1.3179768309351778,0.5829860496796754,1.245317962605328,2.336223402785424,0.9436077659242509,0.30151972548000006,0.07024376400000001,1.7881890388800001,0.83724986251304,0.39114390974975843,1.174536498670503,10.05903052404,14.681669691999998,1.0572630729111603,1.0951369592279212,0.0735384117999999,0.4359833492405846,6.723309829314789,0.28473346058588933,0.7644695802155367,0.14366840931027833,3.3390691278630147,0.10546363372491764,1.5730841924877865,4.2619471002000004,0.7343883095416506,2.238587531752,0.7964562167520001,0.24648131950875252,3.9535725425751598,2.269437809368485,1.199809388266879,2.0506848460000002,10.569402084061464,9.201251503,1.6839948114548544,0.8992732960343701,1.5831537147618888,3.0859735878723957,35.64480448861724,0.5615651246077064,,1.8509963706820907,1.2225998157229823,3.295126677484471,0.5521354703452656,0.4969352193274565,0.16249752699999997,0.233525688,0.3502405730000001,3.500873116672073,1.522731834,1.2280458807057621,1.1233532699999997,1.439255348948,0.30090274546800005,3.676849394666819,0.8455796684042737,0.29282708069185165,0.9369742972473891,0.6711130967566215,0.09186592362305619,3.781465923942282,0.25597594835410004,30.152810921904923,0.5198018930000001,8.685825806900175,2.3887768744886824,19.065457252351177,1.1219506085040067,0.6694916484944597,1.153436628,0.6355680770512,1.0015682896559999,4.325854158,0.089717413576,2.257631100969315,1.4339340052674225,0.2772449532416959,1.9258880574396329
1992,10.905954605406125,4.823497015466333,82.09209478892348,2.0101060360916283,5.825753708111737,0.6856977721999999,0.9649321257863044,0.317100339,0.36647205900000007,0.26436245139255127,2.336915245581714,0.48682850462380467,1.2496625756762463,0.5909728837357249,1.2231061211018013,2.32768536490527,0.8856595584549306,0.287068683064,0.082068048,1.735186944398707,0.7839067126519401,0.2833785839646263,1.1677445598361134,10.135378771233714,14.384913078004518,1.0730402395288812,1.0325647042431778,0.0761366292,0.43897678986891076,6.718823667907193,0.20369840671858405,0.46728993498807586,0.14409146045869753,3.3787106390794612,0.1083059137710914,1.656221137093626,4.075489969,0.744922415976592,1.974874527744,0.765846117132,0.23050986992924197,4.150020144381392,2.2824172568064274,1.2189662352355133,2.1546537100000007,9.209604205694244,9.141794641,1.4727232357744935,0.7700246038383576,1.4978438868599646,3.0463820548776006,34.30269710273108,0.536293800176991,,1.7603722158975796,1.0337572378429174,3.6159653810656476,0.8691017180871772,0.5414807452567265,0.29632195899999997,0.22496723500000002,0.5388657540000001,3.5343677332758756,1.4719018789999998,1.277919702960382,1.152688404,1.437374251008,0.33698359833600006,3.69485490285307,0.8299774318710545,0.30020080623818857,1.0140391116650374,0.6724187133913911,0.09901593133582202,3.819812419939675,0.2792444423432,31.75280741649533,0.6117441050000001,9.134670498367974,2.621907036366936,19.30202605678056,1.2128550170930232,0.6706725935223999,1.2111165360000002,0.7375910395720001,1.0745493549599998,4.8808218068,0.09787711844600001,2.3803089249809766,1.582728206108933,0.30268442400000006,1.7513453592732104
1993,11.149002954381137,4.8480544391913885,83.80575878547934,2.0749258754945252,6.086154841132522,0.7251022820817953,1.062360770787467,0.328281721,0.39885925899999997,0.27866134023300004,2.3117352670126214,0.5227371070490145,1.2513674620645656,0.6399672570291973,1.2439504152128298,2.2906555990404254,0.9413764325267362,0.299459951612,0.08528464000000001,1.72090645953415,0.8309223594155802,0.22476913303179322,1.1816701843730557,10.133789898235666,14.321102272400216,1.089833007403523,1.0178837669935419,0.07909471200000001,0.44855551276275485,6.611313237918384,0.175104521323662,0.3651585721626016,0.145982696566156,3.4067693590225634,0.10866932171675388,1.7098640780597798,4.073600108999999,0.7641466842040849,1.9185597906599996,0.7512071244640001,0.23716006022036745,4.011772127690192,2.2572110103468073,1.2148997887182351,2.3384254070000003,7.7977482906706,9.245090948,1.2705642695717791,0.667472088300741,1.199601112854336,2.6883353044440006,31.970740139037286,0.4402519571769911,,1.895039813225926,0.8220250017920285,3.3369824032225095,1.179181958707044,0.5735556737152679,0.39960966700000006,0.21541682899999998,0.572791335,3.6103061879759695,1.532129947,1.3201954257853827,1.0725542000000003,1.452592237648,0.34087141419200007,3.689274440545744,0.8842789498016438,0.30019505319276396,1.0199254129933473,0.7137611934930632,0.09931033598596523,3.9286610828678223,0.30717645888445,34.18981485732944,0.6678082980000002,9.362388461293602,2.7703070857723073,19.57345188187704,1.2648971176744186,0.6912932995335487,1.340490897,0.7627809805328001,1.17399745532,5.352656792800001,0.10490775008240003,2.5224170773778005,1.8023058170450552,0.345587432,1.679794901830764
1994,11.562377745663968,5.127171824194082,85.3658512615778,2.113357748328212,6.395972192804413,0.7621095500000001,1.1406133473436233,0.35691190300000003,0.434040511,0.29530805429108,2.509695660678988,0.5546368647762907,1.309109132591266,0.7162175879652801,1.2368741110628128,2.418020891427493,0.9059155494201245,0.3019935127600001,0.085436497,1.6751225142675008,0.891391295323127,0.22707157774931658,1.2432568673789481,9.999598522858493,14.185761116587198,1.1088729077245456,1.0312945147319836,0.07997920979999998,0.4662659594191953,6.5991481305051725,0.1693107818264633,0.31572258901897027,0.1403590545926331,3.370039640459302,0.10194214079562713,1.6536808531773792,3.8982538798000004,0.7906145395238917,1.809046309772,0.739117461268,0.2522350806567017,4.199991949859969,2.2649080943738458,1.2754772286608187,2.2659855880000004,6.592370170435787,9.132988562000001,1.085768601251687,0.6134724625846704,0.9996505786556106,2.3931125353919285,29.163738588154047,0.46963070440707955,,1.8614948677806613,0.68739002106682,3.7478985036732784,1.3501110041634086,0.6278748189366397,0.491100984,0.2046259844745998,0.5774653,4.174489582725805,1.6811066430000001,1.3634867266749666,1.086808885,1.480654361252,0.37549399918,3.8467340799712284,0.8898811375649964,0.2916175506017284,1.005576371741919,0.7766287014930633,0.1014621631518593,4.085395716431034,0.32593781648740006,36.292268779564466,0.6051344230000001,9.860622343195786,2.9616147658368828,20.328467334120585,1.3807577829767443,0.7280756612105472,1.3877601470000003,0.8100636676516025,1.3427351717759997,5.774581316600001,0.11504661435200002,2.669188839489129,2.0206441856970714,0.385893808,1.6145966634058277
1995,11.808980574233665,5.046188050167673,87.20019381394034,2.1988522553862557,6.715675504651574,0.8213648203999999,1.1583137957301537,0.338001891,0.4734098619999999,0.3202498380747401,2.5854362649166336,0.5985545942816303,1.311016021863324,0.8035573622134923,1.2966690943036405,2.439250665080392,0.9724452415037406,0.31254098154800003,0.09083042300000001,1.7458442818811946,0.8752866704757924,0.21194097209967305,1.184076682789089,10.239786727611202,14.257817171003277,1.1488482047765598,1.0379616179117477,0.08253604379999999,0.4754761619158571,6.8705400294163645,0.15855072965367345,0.35215173651924114,0.12207871461350708,3.507219307879146,0.10262731429398153,1.7528086862534376,3.990083163800001,0.8686691520867206,1.986519893172,0.749489466248,0.26506580199710694,4.3645218153902245,2.2862187023739806,1.2095150511972357,2.5347924820000003,6.352801351728157,9.164327611999996,1.113423473684718,0.5768744252808835,0.907001344527823,2.149985601860306,27.59215196961797,0.38656556820353977,,1.8262516561947486,0.6007415071168102,3.970402739286363,1.3259503765620195,0.7006441368298966,0.6132011310000001,0.23723875471691774,0.5810301700000001,4.068021105598919,1.754217302,1.4633094655025203,1.1271968780000001,1.5688901818120005,0.368432409604,4.020287431892658,0.9063524936409773,0.2997941861742696,1.0339273498957973,0.8189776433782936,0.1100516943996313,4.193764522191461,0.38535105176745,37.40743855410442,0.6504503041,10.602797578850536,3.1550466834379063,21.12650639445335,1.439226039744186,0.7561375309023868,1.463658915,0.9024027304372662,1.3998216576,6.308412021800001,0.1254805029456,2.8269453491333114,2.215344136699524,0.4479180511249635,1.598606076965131
1996,12.136335644040983,5.205132772689016,90.12748936623441,2.3549992682216017,7.090972202138197,0.8715628719280001,1.1880311359705826,0.384378266,0.489552006,0.3628591416662117,2.5171654985065812,0.6077562512990391,1.3589439480039696,0.841258220443603,1.3006099591500875,2.593230233159124,0.9721128518103301,0.334194577592,0.09217734400000002,1.8060495798146181,1.041554390568884,0.2234526890521999,1.2410243862694856,10.625216500342136,14.72924631441778,1.1800577733958417,1.0566111777183398,0.08745841068000001,0.5028209356469813,6.879929951518666,0.14807411175197102,0.3830257062173443,0.12557565610785215,3.658405530411283,0.11926075789038025,1.6126980834820561,4.188775396384643,0.8918647415224105,1.974583039308,0.755182490356,0.2780222348775635,4.527993082935321,2.229767483378728,1.1714099431903244,2.763991117,6.116402028442789,9.609103907000003,1.2171684848001678,0.47294198240204327,0.929989614998761,1.871579067722762,26.56447800809697,0.563071721,,1.883876310219602,0.6469322255904866,4.293071126104318,1.3755611928975127,0.7375472809094616,0.607212043,0.24402072831585836,0.432032077798398,4.20688035148487,1.8081209120000001,1.4815551895934183,1.115641943,1.6531729806000002,0.38434624932000006,4.099672719408229,0.9114611456095894,0.3015792298815656,1.1193292008177513,0.8393723921985743,0.10374583652232286,4.299535826696909,0.40345209797127507,39.35567570616563,0.6501276781,11.033019490339125,3.365225218940587,21.528167032153313,1.6067014383720932,0.7676801661661683,1.558666831,0.970302450937001,1.412552167512,6.967498688400003,0.1305461755572,2.9493029014738465,2.504734803990588,0.5139788072229653,1.4933517547033157
1997,12.229873954642908,5.294514661657881,90.81223120328211,2.341980693919038,7.4960640013217255,0.99698950488,1.2227716875149506,0.428558267,0.4938139760000001,0.3627637939364958,2.6607329635579826,0.6411566702702718,1.4377324395161053,0.9131761948256676,1.327150753494855,2.6171745054716324,0.9180967342806953,0.33231939068000005,0.09306584200000002,1.7318316710394692,0.9440765819960718,0.22100852318111164,1.2533633768873669,10.480612228197481,14.537099266765777,1.2124536159201333,1.027356924310501,0.09161587889999999,0.5247809770725654,6.976467240140001,0.14847380116943465,0.3534233326000001,0.12289017081588136,3.59279429248285,0.10746838858527713,1.6951628421961944,4.147627758938095,0.9058093596179866,1.871497254312,0.741353771932,0.28468239128845824,4.781276922781738,2.2990300259065912,1.2507591412440193,2.8926779750000002,5.772507866948247,9.440474661000005,1.3101311995708422,0.4527351092852003,0.9392980235282831,1.6502243345387577,25.114668092165864,0.43116661,,1.8646265400207105,0.6120810213982506,4.439701987694058,1.6114100345957956,0.7237258267339375,0.6321668817804154,0.25096550764131725,0.4610699871482027,4.285081134800402,1.8876932299999998,1.616287490614559,1.072246726,1.7222071819320002,0.399529779984,4.191666529300728,0.9474894003966075,0.300621939989832,1.11419229116652,0.874645278378294,0.10825660719673333,4.408149393368831,0.42394305794997506,39.584711887790554,0.6576951986999999,11.646742543330001,3.6544315938685643,21.92482926891147,1.8694677932790702,0.7687961005191065,1.510386362,1.0443809606415635,1.4857168140000003,7.653530298600002,0.14077013260000001,3.1386727580739384,2.640003474993481,0.5941523397906423,1.4780469501430247
1998,12.061168021166512,5.530348362062191,91.40875641941683,2.4277725285197613,7.769721293158216,1.001298747,1.229895570539727,0.43080789199999997,0.49552140800000005,0.3682208209364958,2.8236589551711946,0.7116803752792522,1.4918150932664929,0.9497308125443772,1.3478766763843821,2.669783877024313,0.882149762657686,0.351500615968,0.09880778,1.681162025368836,0.9098430692571141,0.2067822198022284,1.2970216245811486,10.726418594439481,14.422281028345132,1.2881349879618031,1.0386191784903975,0.09908891607,0.5644267420013155,7.162009318244002,0.16087744535748635,0.37898315019999995,0.11864911700144044,3.6177123162217217,0.12142765114198381,1.7619071015193442,3.9732975362482077,0.9890708048440089,1.7105048995840004,0.7490720707920002,0.2852560698867432,5.009042137298683,2.48881070370174,1.2582238795720362,2.9656551330000003,5.647491742857592,9.540156386242334,1.3304483527710123,0.45436801015677386,0.9191729959709646,1.5548296585831087,25.06799915197955,0.536883884,,1.8662926639804343,0.6090012135799894,4.5910902601857035,1.1307432869516127,0.7736136457004509,0.7680587114599409,0.25792966399191697,0.4931967100163067,4.509277151947915,1.9321713230000002,1.7151436872229795,1.1099176570000002,1.793296837076,0.4100156571359999,4.117792878849114,1.008900861741612,0.28964828290359457,1.1372946800991726,0.9106696773782937,0.12030488486949294,4.51096145206359,0.45145498873405,39.63891253594082,0.6704415583000001,12.34866703751564,3.5900760143357173,21.44363536270513,1.7380488491627906,0.7693245401926199,1.6182179300000001,1.0604800258178155,1.5062678830000003,7.0648102354,0.15267599639039997,3.3168887812431977,2.4455127921195516,0.6427434223554784,1.4169195512421915
1999,12.445444827408364,5.599980234015291,93.02682379101122,2.374160471847848,7.9087579095879565,1.0442921486,1.1376174747950982,0.39215708436940006,0.5098794300000001,0.4092537502445345,2.7233958273809344,0.7356055358449125,1.4522063719998695,0.9495092021260909,1.3770387713763563,2.6478151519114785,0.7720594962798235,0.36279940856799997,0.10397044400000001,1.611449083377069,0.8818338253947047,0.18961023408856217,1.2734062042134162,10.909838343375224,14.217506470385318,1.2859984945024634,1.0406090094511662,0.10853906320000001,0.5971097947371351,7.3878894364160015,0.13715939856593065,0.31540466280000007,0.12540017419711916,3.5736274813587134,0.11611814100168756,1.8069004673977205,3.896117603960487,1.0152503039007768,1.503297594176,0.7549487693200001,0.28211064763632204,5.169110544696902,2.4165718283701887,1.3120706955784156,2.8919965989999996,5.674500544587955,9.4918700959395,1.209851000924373,0.4526591337160946,0.8947098036577502,1.4611029125081167,25.381731469511873,0.512481773,,2.108597592058016,0.5831452773128742,4.900090785423603,0.8486711117100255,0.8042073301029419,0.7920639817804155,0.2969335938451859,0.5508872401063302,4.591641507919435,1.9478490560000001,1.7279148135482818,1.121032061,1.920173288676,0.42603900971600006,4.257957991747508,1.0303241883238559,0.30246320438812696,1.1405365648187598,0.9006929500999424,0.1294096582111006,4.708312040606335,0.4566099049427001,41.02839606983106,0.6790383162000001,12.68108324833944,3.9180609706404286,21.82175100254162,1.9677606209302325,0.7768985286045853,1.691508293,1.0802174364339336,1.491208788,7.694935536600002,0.16569400040920002,3.6628786559522672,2.613942853225386,0.6629718297361219,1.4968225383407494
2000,12.808384436595976,5.861441709613828,95.13879198283757,2.4700518074030016,8.042012272889217,1.1041036912,1.1086137633837465,0.36989527925515003,0.524844653,0.4277775864556368,2.7774443652884937,0.7682891549171902,1.6470106591963434,0.9327712495807035,1.3812996708829361,2.7077916480157174,0.7766285762864715,0.343415694732,0.10893997900000002,1.703295882997841,0.8467743955974615,0.19401530308531661,1.2822913765311605,11.049863838747713,14.307412117121967,1.356178133932536,1.0071722100976632,0.11524508620000003,0.621016832787991,7.492692011652,0.1340931166753502,0.2788943038,0.13380610413452046,3.6200719641556667,0.11029693972041117,1.997933180606623,3.661396692718818,1.0465945176795661,1.5024873837400001,0.7791654506279999,0.27945270801550587,5.46387957953233,2.2326569500731397,1.2809449749649122,3.092636238,5.693265570385734,9.572985402071884,1.2992819138223208,0.47257533610852104,0.9194354532290157,1.3424107430903998,25.836713057974205,0.431351343,,2.1423309865587465,0.5629098758447306,5.148293195209448,1.080556728493154,0.8413370641835111,0.826657513292411,0.41229668703069694,0.4838682459784811,4.805656632488404,1.9399363680000001,1.7538526665673715,1.0797694820000001,2.0355747908799997,0.42236362279200007,4.263152928131467,1.042694992694137,0.3301945919673007,1.218603432653981,0.9696723573737147,0.13177429471341462,4.728620125207462,0.48955176226037506,42.45316141855217,0.7109111496899999,13.341557965993939,4.261250416510047,22.06389409678348,2.1952135667906982,0.8104634499496532,1.7286016120000003,1.0775958518353324,1.5944864464672401,8.1616337796,0.17882483126720003,3.7368283857987286,2.6734534215981482,0.7547476841107725,1.5897586681078544
2001,12.497244855245638,5.789725901955852,92.89452493399065,2.442824837605153,7.884190467100722,1.1115207153324678,1.090801699222918,0.3751315610002964,0.5181464024805196,0.46155164966178996,2.943988634147022,0.7947053496338737,1.6795240331894719,0.8633015496595317,1.4327645665512667,2.6858202093733285,0.8095646052140825,0.36086095171870125,0.11019475000000001,1.741612165655857,0.8488475866096423,0.20169627396419793,1.3109335547822116,11.180791030448486,14.560113566610765,1.369310346759799,1.036074417536292,0.11643655403376625,0.6583237721958485,7.531196567233974,0.14458948014424994,0.3258382385584415,0.14338890994439502,3.758873770514954,0.104087190746082,1.8123726224007168,3.6354526024965272,1.0603159781209197,1.5196493984983377,0.8013573984211695,0.29222787681403745,5.71379535390378,2.39692643875763,1.3673056404721928,2.8125345834025977,5.617965611677988,9.678791830345066,1.356195410371935,0.4555797487593884,0.8962790604127424,1.5111398091402597,26.240984808781395,0.5444514061948051,,2.1476874715394922,0.5523220254881046,5.431703800249127,1.2156473487196617,0.8374259843659693,0.8395406929685623,0.45534867426420034,0.471578734408861,5.12048677964767,1.9613561597159996,1.8017193557055695,1.1188824514805193,2.1442595264953765,0.4561749955051429,4.285472038899627,1.1217851720787528,0.3708427890427278,1.3211331055068778,0.990805428560686,0.13402645368768365,4.7721281479351445,0.5594694759149196,44.84197660288398,0.89791281039,13.410956585256685,4.510336474504436,21.849069189984554,2.2104826068556322,0.8044251810865171,1.7690125328961037,1.061732747311794,1.8103783929350656,8.34716821102747,0.17524140935230262,3.8544142780449,2.818168667153654,0.8523394061302595,1.6370955852654092
2002,12.881713505922974,5.978006643851155,94.23901794498337,2.3257044846839316,8.070208849160705,1.1504106493548385,1.0867541512906138,0.369921024133083,0.5305391396623431,0.5008608804962456,2.937563228871161,0.8062536488555785,1.7056882689115946,0.8924750723368625,1.4359211651328934,2.6748182982177977,0.786672757002601,0.36210927366606455,0.108669371,1.7458443505499177,0.8461467391214482,0.20047848213543432,1.3240295484827895,11.070242427192264,14.367188061773543,1.3749601464749648,1.0211945287765363,0.12093807098975523,0.6538268292594741,7.470848305899356,0.14611371417377775,0.347331462483871,0.15677281062291176,3.7595943571591777,0.10161929734453201,1.883353655899821,3.5963029690764223,1.055883300938846,1.577310708755613,0.8077242369147061,0.29094316559705796,5.782654518257485,2.2473666936495595,1.2744539454415804,3.0729641567096775,5.568900524587616,9.461329270751214,1.421414983499278,0.4498207086617185,0.9229555177467084,1.5468405632064517,26.14105097340845,0.4592331890322581,,2.1972941756954074,0.5519968968887702,5.905469506510284,1.1487586978400888,0.8500906289068644,0.8551149646351536,0.495525618724485,0.5327054953320002,5.333067760812904,2.1433813117760003,1.8696249356058652,1.1589856021612905,2.1770102209774196,0.4675610829513197,4.173655252614756,1.1492568226012796,0.39198417655652956,1.4421096427473505,0.9816022543562453,0.1338773648787125,4.8429769081866025,0.5773640772398089,48.844607125961716,0.87635710009,14.028568378018164,4.710791785167326,21.784126345120324,2.3640658782820703,0.8320894567551579,1.8358310419870967,1.054807280685989,1.7784650749719353,8.733218284200001,0.17912471175725028,4.014194251098826,3.0982673079546585,0.9334929950262808,1.6236149550191308
2003,12.938692452956133,6.027918283698738,94.53503321710186,2.495103102176584,8.212964288770387,1.1438017213384615,1.1250482358117864,0.376069875221686,0.5228508844917,0.5615473396959574,2.6377284418204017,0.8425950546094458,1.7393481667786068,0.9341435507244188,1.4546045744208853,2.775891607524931,0.8101721169751815,0.3792990906673846,0.11551788200000002,1.8452141083640843,0.9111048176265584,0.21785390083820158,1.4200991609224796,11.185865657178566,14.353340702552913,1.4452311795627946,1.0280726555262392,0.12153335928210655,0.6369282652587809,7.715526250960309,0.1443872260652747,0.3641201987076923,0.16440882851658128,3.7850372495245077,0.11424277543790837,1.6678746467689902,3.7213078523182404,1.0794842338240298,1.579050681182154,0.7835578254346031,0.2855917826453406,6.119392375838466,2.1585264416147494,1.2607561915629983,3.2544930569230774,5.704553155824785,9.5954488514421,1.502070297511623,0.486586317159292,0.9188323010592336,1.7038042611384614,26.68412692288132,0.6340257604615386,,2.041601479468675,0.580199293131052,6.034246800493378,1.0631333082061631,0.873795040499669,1.0052746895484403,0.5132879134685896,0.5987660417183008,5.649177707523967,2.2854793145600008,1.9502149554574317,1.2127519464615386,2.308373710441538,0.4684742671408556,4.522803043430914,1.1349577141275031,0.4255269489314718,1.4278376501987837,1.0145248686416053,0.1338995797253913,4.915958466802419,0.6119526477289134,56.87522175383263,0.9050595929099999,14.568021059649421,5.071892187988357,21.698157678518793,2.57103642918068,0.8077076275412084,1.996726649723714,1.092359224362068,1.680331914200308,9.014587158348846,0.1861367049111115,4.203274670548531,3.35525275332631,1.0076321704740259,1.7109821890590164
2004,13.092089022608736,6.352661471663509,96.3967141890565,2.628104440240487,8.614360295011295,1.2020097591885406,1.1448936559608818,0.4058602479260096,0.5571311212429411,0.6175359464155976,2.939637264791332,0.8661336390983547,1.7553694985179458,0.918356016873859,1.4789848763272402,2.7853021108841363,0.7850122068148407,0.3931484739282038,0.1124216346433121,1.8908368615418134,0.8607052804428683,0.2276553657516191,1.4069804345633599,11.277238335802656,14.339468143893152,1.4475551198341963,1.0354102053357646,0.12401314586768644,0.6453009165772247,7.855560478029188,0.16197516832635214,0.367272188956003,0.1862368614665074,3.9116158479542653,0.1127456994769365,1.6982352392592603,3.745534884825516,1.061648438028315,1.6348163862530445,0.7628277350961188,0.30271882873894784,6.36548924555191,2.3180264133026727,1.2428349455979948,3.4800427870191086,5.709616306906301,9.646528938571622,1.6311057125147739,0.5517702757319746,1.0349198027010043,1.8071873876579805,26.907374645813174,0.627862019433121,,2.066691775733956,0.6255178064962355,6.61646286632142,1.1347509146017862,0.8844058465444116,1.1261915324247382,0.4767936186552802,0.7018917769550592,6.128901614340658,2.443905498412,2.0101208301137685,1.259042278955414,2.4163162881480713,0.5335656988451246,4.9356045050179205,1.2264308071912133,0.476951731196323,1.4766575468293777,1.0951800206120146,0.13454790768354752,5.079166880999508,0.6330001476495143,66.545716125006,1.0134969663000002,15.629661400056465,5.046643388531915,21.957567168820347,2.740727191209575,0.8335308435969201,2.2229564722923394,1.1287038285966098,1.8809130721034397,9.180080741543039,0.1799059169407376,4.409763187454403,3.5897153540382405,1.2327268106039115,1.7311538800292885
2005,13.22634436447932,6.7605281510291135,96.43731384170239,2.802797999811933,8.85800624641813,1.2490353881209102,1.1472100863709513,0.43003512023953366,0.5826464198697787,0.6621414828501538,3.0673997194685776,0.8755838095189137,1.7589474415641149,0.9272551072666667,1.504185689710332,2.753213388023623,0.8484520415032958,0.38900355688481003,0.12597345454430378,1.8618945537219542,0.8301543692840309,0.22418148196007884,1.2787820181508442,11.21507715825888,14.165917198913617,1.455696174072885,1.1061034262389886,0.12452044185274204,0.6735683582874602,7.8638945736361485,0.16690036601912356,0.3340826223165151,0.1890054464205353,3.9923285553134127,0.11623651472504844,1.9331031844321949,3.8275317519135013,1.061981845340664,1.636073243312253,0.8040860943243991,0.3030864858877012,6.420901820193389,2.3772679226885587,1.193428703937387,3.5634728506329116,5.734360627817682,9.751651218255706,1.6086096362913087,0.5981868901878481,1.0312239972387907,1.898036406492043,26.877773335420862,0.6357602488987343,,2.0103959993489564,0.6508861581516575,7.096009314362481,1.0878994372427506,0.9131202664090989,1.2468523256502941,0.573575164670976,0.8078022838539652,6.532235257181606,2.549654468504,2.1948674057510846,1.318230599791899,2.535670096512656,0.5791835105755351,4.6756690202585816,1.2675962901442088,0.477976979528029,1.5239646013095336,1.1243007779820053,0.14488702114349447,5.059603423148307,0.6826618370139457,75.60172011396577,0.9723257165100002,16.56290826378718,5.171386119994049,22.34722617207223,2.923959669457943,0.8067832297565836,2.306547989970591,1.1240080631555196,1.9763883679542216,9.472580703572369,0.2066215371289177,4.456164314657512,3.7133043425569605,1.3049201669868276,1.815913658534795
2006,13.055694201027622,6.9744744148025966,95.65836226769999,2.9448284356675707,9.079154731311325,1.3337323464351398,1.2860520906129365,0.4547435263199399,0.5870761639758263,0.7733679669779628,3.4100027690438957,0.921613309177031,1.8032320368634087,0.9265793398999961,1.487180441596451,2.7589914922866496,0.8690417714084024,0.38447900051720774,0.12388182175472624,1.8972703708825636,0.9150705459066824,0.22063548499801688,1.3692588422872451,11.12135031291217,14.513228433981308,1.5045934256891644,1.0897121575449988,0.13670288240875536,0.6876039399134167,7.826898039610514,0.15860630138094864,0.3202015080414439,0.1856344718760341,3.910303383886084,0.11809724060622767,1.7726219655093696,4.016109667890193,1.0494346813954667,1.670872294799849,0.7754885301358954,0.30587282163957513,6.51107921810793,2.2353265993117146,1.2420506462067178,3.9533234897358493,5.812515041307123,9.632454688640031,1.6492469910997636,0.5885875322007548,1.0953715548191265,2.006412750556681,28.04093721033503,0.6424642288113208,,1.8708297674607837,0.655642269241647,7.753815543408026,1.1112593077914454,0.9119310861587019,1.1781436009824944,0.626638349762599,0.8510484409909647,6.781884486765511,2.6823589549520004,2.276911302865396,1.3650570574924528,2.6612874584967936,0.5909687545615381,4.769447506361748,1.312101099265179,0.5258360031411637,1.3948712889485022,1.1275059154210076,0.1428323984831727,5.365377307101972,0.7396605672158059,82.88053390281351,1.028708474935014,17.410174168573967,5.246495585415112,22.28088283367312,3.0382628227555943,0.8137262809177246,2.4332946560901565,1.0900707765148618,2.1747131791066883,9.625624691682003,0.22460076898054337,4.549165768065897,3.770720490636141,1.1926667419137242,1.8804138287675263
2007,13.515239699793195,7.0107729602959665,96.99645750797995,3.0747909461211322,9.634607628132922,1.362657867958889,1.2905405819735656,0.47722036833793313,0.6437394941187605,0.7974920366487652,3.4305888081681184,0.9658684138723157,1.7466723113781952,0.9960796885853522,1.4526413510074918,2.7757322604653627,0.8418308590290425,0.3875058240107235,0.12594777931330636,1.8761111541025002,0.866971903872781,0.2501123431110949,1.3657308794269734,10.924489765037267,13.890021682252781,1.5336922251738707,1.0744023419208804,0.156155275185495,0.7088587411137929,7.680381822036259,0.16356091067794748,0.35023369756218525,0.18020990310338772,3.9764439191905847,0.11760313680894989,1.9007975641238664,4.003199370601906,1.0570821155207428,1.6127870438619318,0.7273621975369309,0.3042965801410877,6.640876605541979,2.264132487605147,1.2251834853686363,4.205131596625,5.778058636420354,9.346921810397747,1.6014219417967195,0.5324387682203219,1.0696469007722655,2.2354135516972833,28.209285513070867,0.6234188821250001,,1.9853166386369345,0.7031521339260312,8.299221866327137,1.1784380388189042,0.9621105679510065,1.1445625292940536,0.6247612926284477,0.9306605901289005,7.076901550682016,2.958632664892,2.3632410262359227,1.4385637206179427,2.8179202414086535,0.585370570301091,4.897167543209626,1.3716014549090993,0.5383617607984406,1.490315520822048,1.0952661255582525,0.1482049976184303,5.433755039329981,0.7570521321148587,90.08781938108658,1.09445152732477,18.929108644567624,5.630329605073004,22.056020645507797,3.240854679021803,0.81223155422991,2.587635612279809,1.1340963040160121,2.3349831167675,9.930154478192804,0.2287066929380737,4.739329562517255,3.940980723368552,1.3027244490530636,1.8402513277292218
2008,13.462205542073228,7.157985196214092,94.60071170836389,3.127156373263334,10.059616182907211,1.3506495314397415,1.393966742175377,0.5074440216355438,0.6947326437797534,0.7857600217905601,3.545639466456141,0.9896271303305638,1.6862579289828998,1.0242773573419772,1.4815707255717583,2.823449758202996,0.8282337556579286,0.3847114527519252,0.12905311882815715,1.8394721197380535,0.8340538686781647,0.23893005073465134,1.317473296733778,10.954746657765057,14.028254734552661,1.4792302013188214,1.0584121452238198,0.19477635672848587,0.7056713171006231,7.5739200446132795,0.16445176246998178,0.3471198067314827,0.17887191794882598,3.9263872060411313,0.1137169934473104,1.9455156957555666,4.071193201007941,1.0208476923273306,1.6159227278870716,0.7526948716262113,0.33279284413234017,6.452499087702657,2.2255181762254463,1.2664850672490875,4.220822125999999,5.59243230990663,9.177793616926966,1.6393037189465005,0.5376109340772601,1.082258602404101,2.3580054514851003,28.33610899111631,0.511398426795031,,1.8676887940739795,0.6761997064202638,8.619584456160057,1.2219591732415505,0.9773626681386476,1.2450207814038676,0.7336168366458111,1.029193174830565,7.717209823406032,3.3906020148480005,2.4467983232679043,1.5246314319049876,3.002312219705328,0.646138733835991,5.250526578507506,1.3603774184712956,0.6091844879995095,1.6028231464437208,1.1487401458394781,0.15367693937135937,5.523351787368712,0.8009583909255353,93.44496936549163,1.0182713382537072,20.004817217784108,5.55759118745969,21.75250316244444,3.3561340486965197,0.8144144804833472,2.6036191190730054,1.1717266348428437,2.484098728330131,10.117026870599494,0.21364057491475652,4.485797410074961,3.9872746374392642,1.6179919795432935,1.922348132320735
2009,12.735857357208108,7.101147062137546,89.92401795024627,3.066804065914671,9.9785178853462,1.322719152092585,1.329596055464006,0.49698276059002666,0.7119682803804015,0.7792481089545469,3.5303333413176925,0.9710113057754213,1.5741457234255214,1.054152502835382,1.4315118686183308,2.637866731342994,0.7268343456348694,0.37882812781287245,0.12595489610972851,1.7633633195465106,0.7840205468605813,0.21226365539041472,1.2226087905810696,10.344609228230311,13.15429710897698,1.43094848065645,0.9706596536955161,0.19447133063701594,0.6439943071031384,7.070730887168634,0.15558875057617363,0.3184823388053346,0.17106073270565894,3.8695131974018846,0.11176266482753043,1.7981694791719545,3.9246115796483143,1.027143548281754,1.4112263706369164,0.6852956543003654,0.3069939898997199,5.96515677321039,2.0378512502837918,1.2630492844234484,4.275953466222222,4.746890131457916,8.723006614898289,1.6636451802234131,0.47496962498913026,1.0260115847368032,2.131877674166579,26.919340571203314,0.8337625157777778,,1.8751185706608549,0.6542720136442207,8.906989733427222,1.364113060889265,0.9359926900648262,1.300569199262749,0.7349790317765371,1.0398290241012287,8.133691075501613,3.34763066084,2.4532946701417635,1.615685244,3.1211538695825793,0.6293310012637762,5.235984794892835,1.4334356276371971,0.6466714359768725,1.5049466126804905,1.222535898324339,0.159719467386661,5.476682344894036,0.880522438176829,97.523147407337,1.1118893493825384,21.52434691120802,5.75782454580427,19.833453214333304,3.251510265167959,0.8122155882753209,2.637272698986955,1.1840416932565103,2.6715386978620774,10.160195233974077,0.22049020022887778,4.415925334302916,4.1254220957241765,1.6467099600198218,1.7556837484101764
2010,13.006500948350293,7.308951170288454,92.97258881318764,3.2271374928514254,10.981271002179064,1.3285094297028848,1.4231277074338755,0.5525584488528585,0.8022769397599511,0.8419304428049923,3.328708661875775,1.011050910950745,1.556945138223942,1.1034334424627497,1.4799979074074348,2.808521433124496,0.755842285376754,0.38406654562885884,0.12250502104429423,1.8366502401056481,0.8232411330914899,0.2567862309172731,1.3296187757972247,10.651567674084136,13.706189659343554,1.3618218640124777,0.9907438301994322,0.19446279445205053,0.6423609213560755,7.284541226140623,0.17657158828857716,0.23586375719447855,0.1801298143766102,4.095415114515177,0.12053432142859045,1.7373564828551356,4.182579089847029,1.077303232517214,1.4214609627677726,0.7296686455632129,0.3076328776716572,6.112694714395561,2.159398814744151,1.2292561654034293,4.501385009147239,5.077922060475215,8.938228548736712,1.7767442998277079,0.46849233917336824,1.089400110151513,2.2983271515274155,27.99413498933012,0.8984366038875222,,1.86181731416809,0.6653969914227029,8.935285397335699,1.4535148266636053,0.9921379909932445,1.4102805990159895,0.8635506343944404,1.209662638864513,8.916432842023877,3.5079100627645152,2.4467516722698677,1.574644340208589,3.282670148555976,0.6975676830113453,5.288440305572784,1.5567974513344836,0.7001809885351229,1.575195182899021,1.2534726152878712,0.1455401054813955,5.497566656746712,0.9014713753703152,104.28400236476384,1.156645165321188,22.55470757965575,6.321323283564289,21.131851742805065,3.350772396858753,0.8302386094758615,2.6480991540388095,1.2206995001321765,2.8711168415698043,10.937332757018849,0.236223314959349,4.661572591722653,4.3862434579086695,1.8728730106448699,1.9413028966935935
2011,13.605143671545045,7.660040872462608,92.08836192294224,3.2890758147845025,11.482704575294068,1.4443373329067948,1.4881761160357505,0.584999688110139,0.9056277321089824,0.8268222819844109,3.4805137614926203,1.062634385561137,1.575599804901922,1.121483181968821,1.3859118524688443,2.6177031071763084,0.8040554747496444,0.33676579369307313,0.12122221007626735,1.796346829256947,0.7766467666085889,0.2645980950551347,1.2376903044426373,10.239094229670217,13.202162481426827,1.3270200931637595,0.9856890717030802,0.19448786316453662,0.6077783663815506,7.115247554382236,0.1576466149067776,0.24478905474146348,0.17547790356682497,3.919860919288697,0.1208441083603922,1.7561450074373934,4.20315661402599,1.0287369282946948,1.458856979302634,0.7015758897846829,0.2989195121583083,5.997963046848671,2.13305923593826,1.1672905384812338,4.810274340886867,5.274471536126894,8.449903618912693,1.745142896599982,0.5211879587978829,1.0832645252072266,2.5313198754950417,28.915625256669493,0.9971918369348789,,1.95110103449793,0.7116064935679611,9.337494697507648,1.5360930950251384,1.0155623715720519,1.4151100568896064,0.9433889933502747,1.3999305647931013,9.204256892936659,3.6997658973348106,2.3121629903874816,1.6719193990945123,3.3336140448239493,0.7332640501119139,5.214735705280602,1.6321231870206099,0.7583146962154141,1.7258387424062462,0.9037973373134035,0.1565061684424864,5.696065808952798,0.9796015199737084,112.54080832717808,1.1858088365993604,23.88045002606658,6.8986286402535715,20.061788326596822,3.469197403301428,0.8332301390510676,2.6456249715999767,1.2444808886811625,2.9851268227673917,11.434969315311552,0.2481468156353146,4.610647017501771,4.557568913347983,2.1315894240571134,1.929861582155519
2012,13.468474248037818,7.705558421346875,89.68776503034209,3.382871529572315,11.688261344083728,1.4764718543363293,1.5925187542328731,0.6176871614866151,0.9166889331009899,0.8139591474738715,3.6232170446499943,1.1000764405864116,1.5682441762749826,1.149250591715356,1.4536945500329976,2.515726863300798,0.7640826483751718,0.3120443713410908,0.11354308322909092,1.7849072607123289,0.7180564789600237,0.2676360025462509,1.1981967774277946,10.224902079182325,13.368851392545453,1.2553286891347084,0.914938479690077,0.1964141864940243,0.6011209712530925,6.921378372582605,0.1624637985013433,0.24575052734545458,0.17227528616547402,3.791518932651453,0.11230874526865839,1.9455391794056565,4.07513346436563,0.940491606204017,1.4032357406592726,0.673732002030909,0.29021742434910425,5.965188128510943,2.25941939627655,1.2315232754940373,5.106205354571702,5.142086511418826,8.553607719356421,1.6359182187129373,0.5369692250638779,1.1705093453771924,2.623391088532495,28.98035511170859,1.0870735767130504,,1.9034232439014749,0.7411066955918232,9.410429229801473,1.6333103682494086,1.0604656562790165,1.5722469414064546,1.025585383261862,1.5888388821878072,9.757834666421198,3.8853211485045454,2.187697132430953,1.8273700061270237,3.503614472771063,0.7460828442956012,5.135912071830521,1.646219280369887,0.7787232383855092,1.803408204860841,1.0781526234556984,0.1739781099914256,5.626706862032205,1.0487423321821947,117.0453502363434,1.139696436792399,25.113414213803747,7.2684423433458605,19.922774355039714,3.7279936114788788,0.8379927863738555,2.4688672648178147,1.2846631875377377,2.997781956685454,11.540853497885859,0.2500529319864309,4.61365887607782,4.8716294921831205,2.2371881025178837,2.019382841044621
2013,13.881790511401228,7.738308623733479,92.09548017718623,3.5245765435145557,12.130482778152995,1.491113297432771,1.614539287948694,0.6383942408402057,0.9386003746224391,0.8290622159248445,3.533462347486555,1.1095961171494966,1.537296965096795,1.1876594520834018,1.444243300514541,2.5804402113849068,0.7065413464870055,0.3401322651042771,0.1015256479826506,1.7501479211453441,0.7500977195392201,0.2769695355570839,1.2058645785521376,10.31271036382584,13.745959312771085,1.1884869330819399,0.869509716647923,0.20268849553560442,0.5891067893387031,6.593795765377066,0.15640895191848717,0.22657155599879517,0.16409902952088315,3.6783793771808577,0.10749600020373026,1.8206177737021374,4.0867175325581675,1.0278875292891991,1.3053536283233251,0.6903789190897831,0.28666433011192227,5.646698288441008,2.121045620320869,1.2640967989324243,5.066828767087881,4.87740352461413,8.511986090890115,1.7290595291147202,0.5520886413580323,1.0322475113482055,2.6557700874990995,28.60748527711313,0.9656803329615183,,1.9110591966403367,0.7054420579940551,9.851631699873677,1.7592506119661624,0.9844724938951275,1.629844324181505,1.1460183367815562,1.70879511775342,9.798092285299226,4.094611034352255,2.091948849788808,1.9330406522891566,3.4780979171989412,0.7651968490593557,5.154335288077405,1.806745278448412,0.8390269204507278,1.8147205445122259,1.1651427262132523,0.1818691136775215,5.668972035857484,1.0806396156661584,121.37465688680322,1.1706053235536162,26.076945204031812,7.570222242048281,19.746982137939185,3.900895895515656,0.8406816694865775,2.881975338276227,1.3774326970382909,3.0637399736209763,11.549918317069194,0.2542084994492414,4.711865233581412,4.951135854919032,2.3868569863077567,1.9913232411912398
2014,14.031963677255106,7.697182234819048,93.05416795604009,3.5068614767359194,12.401465830880905,1.4624689845852628,1.702195141728668,0.6705101248306842,0.959268642664664,0.8248011416929798,3.4147569114939427,1.1457323395512071,1.518721598316166,1.1546338247655612,1.3841552149474377,2.404520571865067,0.7518937202041179,0.33948332536632336,0.10158403517370929,1.7110665848920283,0.7246418202906101,0.2701677032682037,1.161523786982447,9.87093454886494,13.166279172407782,1.1187982289293965,0.8717802295529227,0.20242105364580457,0.5877974942188607,6.230789319896693,0.14389979197901534,0.2185156712041916,0.15894480493494975,3.474206947634183,0.09990819277053441,1.869824455812131,3.9346251082506134,1.0346862622978774,1.3519378742330053,0.6431076668067782,0.293097222032285,5.538923076575546,2.110852911451216,1.2050278258194167,5.231756664000001,4.288918496348389,8.020494167215816,1.5863370980510676,0.5630485674129183,1.065730438267154,2.695006936482675,28.70722336490383,1.0009348549993147,,1.985773004155725,0.7225242498418532,10.280407314638715,1.6833063846034153,0.9676793497581658,1.4948028567722098,1.1409190617315579,1.8357785303361212,10.502519856803792,4.076211250284697,2.0701041674979996,2.1080576878682633,3.4690694835186937,0.7765093029201349,5.219787509414563,1.977407931502922,0.8883455038692998,1.873764278061111,1.1464996817052884,0.19627509955726335,5.75062766508425,1.1265206429827148,124.19793291503358,1.1436810313296606,27.8616750658919,7.091578406648759,19.240673291590294,3.9399017754880408,0.8807685424195261,2.7735975344655803,1.449061804242847,3.151956093478985,11.637387352109494,0.2288622031144545,4.821652916624161,5.087192772973451,2.6121649025228746,2.1592396585603137
2015,13.993650261824335,7.688300012316861,92.14900448893191,3.585803291902729,12.23342183670372,1.4952624638082495,1.7120340922039934,0.6675673388473033,1.0214874882544842,0.800287355658419,3.294575563010558,1.247878331602559,1.5561211587399997,1.1864984820077575,1.3863101362428252,2.4390365147073862,0.8002081430152713,0.3227887779171428,0.10473715180551346,1.6816833749481488,0.6990482411434575,0.25229026178842895,1.1518367412274022,9.923426616846069,13.39985761297857,1.1262716942409081,0.915572617279149,0.21126601060791556,0.6226449583271019,6.368685870928555,0.14722362877637174,0.22818542375714285,0.15447451528932024,3.5166616338059073,0.10491098675223225,1.8941069517051392,3.975768607625293,1.0287598530173152,1.3583987012919996,0.6491544165977141,0.2652469591940055,5.612640838385813,2.1760993699636377,1.178408091631396,5.7232265130018956,3.550745353048839,8.110580885873965,1.6923201818137994,0.6155963101652656,0.9683987040102822,2.6616865076711465,28.14034493384087,1.198159358213679,,1.8901207411692635,0.7186652196171257,10.218762547192203,1.6786403955773361,1.0208424364762883,1.6221505907250784,1.2053140569211283,2.047361826074497,10.834135668090903,4.4849360711302575,1.9312653846451173,2.2229347695142847,3.5525037578112255,0.7897547484896421,5.045664649054896,2.0515457132220307,0.8861417033270171,2.1546376139211842,1.0045722919632614,0.20086587349320068,5.836986662223966,1.324923466240726,125.3768906155754,1.1756310306629076,28.770818612858605,7.102872722495818,18.968079895004383,3.9960990970150507,0.889239137871871,2.922548457203908,1.5884182756537288,3.3516829789011697,11.870150472987628,0.2909042845967428,4.768745608905996,5.245696368981216,2.8955702793529463,2.2501699918819655
2016,13.936678180345654,7.785419360570296,92.01779900020365,3.5761952977109024,11.91851961273313,1.5687931544806348,1.8069225392181387,0.6636819176819594,1.0852836368476075,0.7100359164546678,2.989410572778535,1.3030808946114796,1.6065624318210394,1.2716344582432544,1.4321721926550048,2.6273400318480045,0.7576174422698715,0.3353515862623432,0.11390846265233137,1.655952626697385,0.7052372607529458,0.25382979506890246,1.1804914823483663,9.76165701710552,13.619722993537277,1.1078979051740023,0.9308907824960854,0.21232395205596766,0.6487987668838504,6.430576100741294,0.15660680264121382,0.23211875211893493,0.15243444737284073,3.5789425662824796,0.1088504238732536,1.9142348249686845,4.150786287857291,1.0829590793365709,1.3585084068887092,0.6518666636594375,0.2833380466656819,5.664963016872161,2.141572723933411,1.1086533021068465,6.010745012074971,3.721956356807149,8.013990723435576,1.7945968755281416,0.6096547637788096,0.9632228078359089,2.7039610392742426,28.759582997413737,1.1863447113033267,,1.7811116041060773,0.723827570114536,10.792866797598634,1.9405083391557505,1.0379820820381878,1.6854655229015774,1.2098413286306493,1.9954257799428095,10.976796144335179,4.6581313780865745,1.9281518793052277,2.220546638256424,3.73970493635764,0.7982228956534911,5.297718126637157,2.039505596413764,0.9093058531475331,2.2006041964278333,0.9711056926809096,0.20145683968702915,5.882772036425707,1.3430199577800603,126.9507367771403,1.2065089746154831,30.067428633173478,7.29958655711758,18.647814692617963,4.208255182348783,0.8945739527476205,3.1868987063760477,1.7348335999036302,3.478308785619226,12.161333267321558,0.3099365654894527,4.848540893320064,5.3598358322616475,3.110450479300622,2.4385458901665675
2017,14.109482022622178,7.895340852275446,92.33052485487691,3.5669198736178407,12.06370119525509,1.579807877494747,1.8391983182423788,0.6874756925028674,1.0874943376324855,0.7534257940628264,2.8551982091485435,1.341144657523765,1.5721666518420119,1.267671462339851,1.4664212310486708,2.6574442415525144,0.7743210251926479,0.33608442571200003,0.11699285442893258,1.7300603310641594,0.7090185029925479,0.2802840498365985,1.1419662644141144,9.700114124653323,13.783983269709596,1.167196339848209,0.976669412531847,0.22212145503325942,0.6509851172444927,6.493947022048111,0.17129152953669216,0.24496732570000002,0.15891792142349412,3.530837626284098,0.10510318429989686,1.9218452434583457,4.3152453300000015,1.0741209332373722,1.3832717432000003,0.689400162836,0.2867093309384994,5.739024482114389,2.2100759232587683,1.111295856330244,6.372652632954437,3.4563544699775015,7.9913314180475865,1.786536435767352,0.5980666176233136,0.9829310992090136,2.857123866132958,28.87210120821222,1.1739659401738354,,1.788180524773894,0.7514432098697136,11.304914586379237,1.9124655567472708,1.0849048630635438,1.5774962442963558,1.3428660802785286,1.9224961933764715,11.006115039831965,4.715684173035169,1.9659289662111206,2.2446413119,3.844227814542719,0.83600357774365,5.2518506365568705,2.1541417376503404,0.8856787261294883,2.3869766519575784,0.9748159082000735,0.21450991417706405,5.8709461735130315,1.3925422487964947,130.83173384424728,1.2940381557904383,31.33455097978768,7.572361058212307,18.890717085911735,4.272728672034773,0.9061885002165069,3.3703567617300485,1.9026881118770735,3.5885069538720247,12.37288483750985,0.32691322079768803,4.866493238340982,5.450763932871545,3.317448109507954,2.504039755400579
2018,14.349534169353072,7.833321660614037,95.6029190067394,3.540866279385322,12.134311698170624,1.6606771829491453,1.8523643917550192,0.726228550535977,1.1409923030618772,0.7134483801385952,2.454073309819427,1.3960777928861479,1.6335098012620288,1.276416501581395,1.437320232551421,2.588582319794407,0.7725560833739465,0.3519188894670174,0.11649494448368422,1.726898143541483,0.700348936042381,0.2968185232936508,1.1471137168659724,9.871245120499182,13.439342419746612,1.1612224010368697,0.9833597701827403,0.22919942802266288,0.6653885375741118,6.529209499418703,0.15566327896364313,0.24607543871578952,0.16634386979220023,3.5261021389175773,0.10455201996116827,1.904256925346744,4.383125851251301,1.0769679911519203,1.4091590023685034,0.6785085572663159,0.29228906767137847,5.818433192032237,2.1665397914424447,1.1280371628932222,6.2890483104257235,3.5424474938979627,7.96442317570169,1.8867201405252008,0.6154068329115916,1.0483804009997997,3.1524255530611915,30.037150065585827,1.3142545981896028,,1.8288386515700474,0.8110373975200631,11.831237286231216,2.004711018053583,1.086225429629042,1.57192296482621,1.4864260829478795,1.9910506081211143,10.908274312336733,4.800565188348362,1.9253269372456767,2.4194542153473684,3.917442817738582,0.863996426098828,5.295004463266294,2.257466747963678,0.9013367989581811,2.5206714466228863,1.0091911625000072,0.2089886402018934,5.9958931114510925,1.4820297584752962,135.77069691532407,1.302102278598792,33.3017935763807,8.225365584426672,18.840461099588612,4.207577552070451,0.8981027286873698,3.4775510970153505,1.9560063093748208,3.605293174775268,12.549792763346776,0.34880251548760766,4.930578245412359,5.6000387066701265,3.721139401727079,3.138345355193408
2019,14.214057567156791,7.7207424554590025,94.64880403997982,3.4627693716586956,12.403434343333865,1.6558232358694116,1.9242381295841249,0.7442830438821787,1.161487679543393,0.7137201414325771,2.226839267469379,1.4169586586636849,1.6821422492736238,1.2170549108470723,1.4998381697302703,2.7126988031999053,0.7471597392899096,0.34003810661437206,0.11664082633108153,1.7051956397498524,0.6968207127014977,0.23868362449688013,1.0976855957181872,9.679135769970884,13.139899974414192,1.1455495341891393,0.9932954857906223,0.2196264198055875,0.6632751369072069,6.37351481906402,0.15883948827640115,0.24483326660152271,0.16999690736962214,3.511168769883968,0.1118782261170157,1.7668117034624065,4.276775196546643,1.0428665402527286,1.3709341047154608,0.6572924286472765,0.28026194906331664,5.721350389616255,2.2417286404793777,1.1301608230285884,6.490251816401665,3.4053260786826103,7.840162196570499,2.0257802651897148,0.6557243083645862,1.0576082056922587,3.099800999032656,29.805021199350215,1.44729326574431,,1.783688319538336,0.8340984993823973,12.343898052067514,2.226569607369038,1.1260562356305046,1.6376046782953797,1.5139755494986826,2.022910771722776,11.035533626504838,4.830231081961105,2.0403515968061123,2.53814313636739,3.886096746943875,0.9490219735402977,5.400861300003173,2.3534821253755567,0.9059179458339365,2.595903756233691,1.0396849050046892,0.20174841661850537,6.40958451755457,1.7581835724992263,141.69921799062104,1.2413246367922715,34.05951445882368,8.911262817385492,18.673738453534636,4.2618980973694836,0.9164638828531171,3.560508084387601,2.023979222294333,3.5496649250326766,12.370825137255341,0.3586230378415623,4.810425180841,5.614262252722575,4.119141892164839,3.221300198460824
