,Canada,Mexico,US,Argentina,Bolivia,Brazil,Colombia,Peru,Trinidad & Tobago,Venezuela,Denmark,Germany,Italy,Netherlands,Norway,Poland,Romania,Ukraine,United Kingdom,Other Europe,Azerbaijan,Kazakhstan,Russian Federation,Turkmenistan,USSR,Uzbekistan,Other CIS,Bahrain,Iran,Iraq,Kuwait,Oman,Qatar,Saudi Arabia,Syria,United Arab Emirates,Yemen,Other Middle East,Algeria,Egypt,Libya,Nigeria,Other Africa,Australia,Bangladesh,Brunei,China,India,Indonesia,Malaysia,Myanmar,Pakistan,Thailand,Vietnam,Other Asia Pacific
1970,1.9445859000000003,0.3970910609047369,20.572642740990194,0.21076020000000006,0.001507248,0.0029196446017699103,0.0449757,0.01431045,0.06396327,0.3080916000000001,0.0,0.43246709999999994,0.4529358,1.0050000000000001,0.0,0.1842957,0.7827428178000001,,0.39418722,0.5258830710240001,,,,,6.750049911522747,,,0.023404212000000004,0.12583633822925444,0.026676000000000002,0.06966539999999999,0.0,0.037446300000000016,0.0553014,0.0,0.029238300000000002,0.0,0.004651429987008001,0.08776845,0.0029452500000000004,0.0100548,0.0037962000000000004,0.004055085000000001,0.062294308631999994,0.0,0.007686900000000001,0.10413274336283185,0.022782478329765,0.046040399999999995,0.0,0.00026527500000000004,0.10477413,0.0,0.0,0.1956832259057482
1971,2.1259800000000006,0.3930542306514334,21.155781500730367,0.22775755500000006,0.001507248,0.004634935805309734,0.0468162,0.017082450000000002,0.067086,0.29858112000000003,0.0,0.5327901,0.46152719999999997,1.3890000000000005,0.0,0.19004490000000002,0.8365012443000001,,0.6550667280000001,0.5496672470040003,,,,,7.242974569741248,,,0.034122420000000014,0.304358390039762,0.031634999999999996,0.0719568,0.0,0.037446300000000016,0.046135800000000005,0.0,0.0516321,0.0,0.004353926364864001,0.0925155,0.0029452500000000004,0.0242136,0.0070281000000000015,0.006579997164000001,0.09297604569960001,0.0,0.0076167,0.13569911504424778,0.024142387499999998,0.05481000000000001,0.0029834969417617853,0.0005128650000000002,0.10447353,0.0,0.0,0.21977409538642284
1972,2.4003,0.4085288161661092,21.087180292114816,0.21650184000000006,0.04019328000000001,0.0063137314513274315,0.05718780000000001,0.016424100000000004,0.0693387,0.29678292000000006,0.0,0.6378687000000001,0.48914370000000007,1.852,0.0,0.2010267,0.8556731262,,0.9452119680000002,0.5768530524000001,,,,,7.549880271848928,,,0.042579756,0.41041563916420615,0.031977,0.0850554,0.0,0.04109778000000001,0.0522918,0.0,0.05240430000000001,0.0,0.0043040162177280005,0.11722095,0.0024601500000000004,0.0968544,0.009422100000000003,0.008527846404600001,0.13346734631040003,0.015826104000000004,0.015637050000000003,0.1756106194690265,0.026481262499999998,0.04059594,0.004177833832863044,0.0005482350000000001,0.09682326000000001,0.0,0.0,0.23843495369337658
1973,2.57175,0.44390138439028404,21.068003174915255,0.23575734000000004,0.06196464000000001,0.0072261203893805295,0.05925600000000001,0.0160776,0.06659280000000001,0.3655940400000001,0.0,0.7141482000000001,0.5283089999999999,2.252,0.0,0.2039319,0.9058923864,,1.0262684160000002,0.6220224897840002,,,,,8.057979712004977,,,0.06037365600000001,0.45353256514105805,0.031122,0.0952812,0.0,0.05887080000000001,0.06156000000000001,0.0,0.06091605,0.0,0.0018682053114240003,0.1555785,0.0019750500000000003,0.15496020000000002,0.014432399999999998,0.027013599431999998,0.16944767974440003,0.02189696400000001,0.06828704999999999,0.2169734513274336,0.0264119625,0.06292188,0.004177833832863044,0.0006631875,0.11029014000000001,0.0,0.0,0.24671447287911713
1974,2.51839476,0.46534330931754153,20.140098855451953,0.25375248000000006,0.06485353200000002,0.0139048074159292,0.06165180000000001,0.016562700000000003,0.0608391,0.38637324000000006,0.0,0.7417331999999999,0.5273442,2.6700000000000004,0.0,0.1974069,0.9349772886000001,,1.2377018160000002,0.6357646680479999,,,,,8.886625107695712,,,0.07444130400000001,0.47059233264249284,0.028591199999999997,0.1002402,0.0,0.04836348000000001,0.07790760000000001,0.0,0.0610038,0.0,0.0022831445738880005,0.17986815,0.002079,0.13936500000000002,0.013474800000000002,0.034591037844600006,0.19332716472,0.024074100000000005,0.1482273,0.2732123893805309,0.029894287500000005,0.06496812000000002,0.00870934516924492,0.005933317500000001,0.12201354000000002,0.0,0.0,0.2581744883599117
1975,2.5724358,0.47300522814144563,18.649492946652828,0.26929692000000005,0.06393243600000001,0.015145656371681412,0.05369670000000001,0.0204435,0.05529510000000001,0.37578384000000004,0.0,0.6885072,0.5026257,2.892,0.0,0.20317590000000002,1.0156400883,,1.2888226440000001,0.631996062948,,,,,9.864222070809376,,,0.07833502800000003,0.49024269548526217,0.044288999999999995,0.1098504,0.0,0.07463178000000002,0.092682,0.0,0.05826600000000001,0.0,0.0020864398763520003,0.22148280000000004,0.0017325,0.158517,0.0120726,0.021387235140000002,0.2076118941132,0.024199704000000002,0.1943838,0.3211061946902654,0.038270925000000004,0.08513820000000001,0.010498547100012436,0.006366600000000001,0.13707359999999996,0.0,0.0,0.2537305783658105
1976,2.5950672000000004,0.4638777376239702,18.49754211466913,0.25676334,0.065900232,0.017444876495575214,0.0545328,0.022176,0.06223770000000001,0.46585368000000005,0.0,0.7099551000000001,0.5401035000000001,3.09,0.0,0.22115700000000005,1.1078429184,,1.3648549320000005,0.650449544652,,,,,10.94470064880631,,,0.082103148,0.4994554953431914,0.061731,0.13214879999999998,0.0,0.04076244000000001,0.10005209999999999,0.0011304000000000002,0.06809399999999999,0.0,0.0020101067101440002,0.27896715,0.013167000000000002,0.1634418,0.0224181,0.016221633444000003,0.2450779826094,0.031861548,0.2563704,0.36646017699115035,0.0464916375,0.08586900000000001,0.012498364088825684,0.008842500000000001,0.139779,0.0,0.0,0.281220792013989
1977,2.726055,0.4919499457254851,18.578255786495095,0.2650257000000001,0.069542748,0.02171485672566371,0.0618291,0.022020075000000004,0.07315740000000001,0.5085109800000002,0.0,0.7058376000000001,0.4738032,3.1000000000000005,0.09485957700000001,0.2327796,1.1732252418,,1.4260659480000004,0.7019647621559998,,,,,11.798921519672687,,,0.08905323600000001,0.5071824422707768,0.0402876,0.1440846,0.0,0.05779026000000001,0.1408014,0.0012582000000000001,0.13688999999999998,0.0,0.001997384515776,0.266995575,0.015939000000000002,0.17274420000000001,0.0295146,0.018723282552000002,0.279966375576,0.03554593200000001,0.2942082,0.43975221238938045,0.04965345000000001,0.2068164,0.01143632645570145,0.008135100000000001,0.1527048,0.0,0.0,0.3169604881569561
1978,2.6307288000000004,0.6158111236456448,18.502194910979178,0.27342810000000006,0.068537916,0.028576021539823,0.08210970000000002,0.0230076,0.08733690000000001,0.5131263600000001,0.0,0.729765,0.47323800000000005,2.838,0.50739261885,0.24960690000000002,1.1812428792000003,,1.3656085560000004,0.7442468371799998,,,,,12.69205121002954,,,0.09784551600000001,0.3177149750711205,0.0417582,0.1614582,0.010891530000000002,0.05510754000000001,0.19415340000000003,0.0012132,0.200421,0.0,0.0019650897146880003,0.41406750000000003,0.025640999999999997,0.17513820000000002,0.035756100000000006,0.021482195832,0.30141137032920007,0.039230316,0.28836405000000004,0.4981681415929202,0.055457325,0.39755520000000005,0.08516014031353386,0.009549900000000004,0.1569132,0.0,0.0,0.3043736512127221
1979,2.7740610000000006,0.747556756020345,19.06350066142198,0.2531223000000001,0.07494372,0.031313188353982294,0.09380160000000001,0.021275099999999998,0.0902754,0.5747047200000001,0.0,0.7308170999999999,0.4617306,2.976000000000001,0.73852927425,0.22394879999999998,1.1286921303,,1.378964448,0.719947081512,,,,,13.865215303242866,,,0.10847998800000001,0.3060203365926652,0.05988420000000001,0.21378420000000004,0.018322200000000007,0.16252812000000003,0.23837400000000003,0.0012510000000000002,0.214461,0.0,0.0013994413804800003,0.6787242,0.03880800000000001,0.232047,0.047127600000000006,0.023281002432000004,0.34695065801880004,0.045133704000000004,0.30210570000000003,0.5264690265486724,0.06897082499999999,0.5766012,0.10567481756115689,0.009549900000000004,0.17675280000000002,0.0,0.0,0.2713143935742379
1980,2.5642062,0.9041486974026641,18.90326690245612,0.29392645500000003,0.09190025999999998,0.03660504419469026,0.10024110000000001,0.022869,0.10199700000000002,0.5916277800000002,0.0,0.6653358,0.42968249999999997,2.878,0.8964055664100001,0.1902069,1.1654424306000002,,1.3109289480000001,0.6919620144840001,,,,,14.840595728584704,,,0.08804840400000001,0.16327454658772672,0.0438102,0.1392282,0.023259015,0.17664966000000001,0.33256080000000005,0.0016839,0.2639520000000001,0.0,6.6546862848e-05,0.554751,0.075537,0.17681400000000003,0.05696010000000001,0.029830099716000005,0.3983971646304,0.050827752000000004,0.3032289,0.5177610619469026,0.0407917125,0.6763554000000002,0.09399366,0.0123795,0.2158308,0.0,0.0,0.27838927722482637
1981,2.4777954000000006,0.974084662419438,18.705337896976687,0.30582985500000004,0.09801298800000001,0.032846001769911495,0.1098684,0.026264700000000002,0.1123542,0.59482458,0.0,0.6815727,0.4815314999999999,2.672000000000001,0.8915035890600002,0.16905240000000002,1.2266985222,,1.3079981880000002,0.6616064568240001,,,,,15.867024798967055,,,0.08164260000000001,0.17740946020992998,0.021204,0.16019280000000002,0.027415440000000003,0.16107498000000003,0.38775960000000004,0.0016992,0.310986,0.0,7.046138419200002e-05,0.6431343480000001,0.08454600000000001,0.10773,0.0838926,0.03378999445200001,0.4317998025348,0.049009883682375015,0.2935764,0.46224778761061935,0.0712144125,0.6858558,0.079172388,0.014855400000000001,0.2353698,0.009812019429858758,0.00034740000000000004,0.2664503724237909
1982,2.6008965,1.0386832003006343,17.394835086487888,0.34274790000000005,0.10165550400000001,0.04693328697345131,0.11712960000000004,0.027564075,0.13655250000000005,0.6346846800000001,0.0,0.5983290000000001,0.4944267,2.2850000000000006,0.8560921220100001,0.15580080000000002,1.2402848952,,1.329434604,0.6812174033279998,,,,,17.074187227257262,,,0.128911572,0.24296768931734666,0.023256000000000002,0.125685,0.029994120000000006,0.18834930000000003,0.41098139999999994,0.0017729999999999998,0.33344999999999997,0.0,0.0015687444286080002,0.8391603240000001,0.0925155,0.11456999999999999,0.0873981,0.036762490404,0.42113100714839996,0.06362944858462499,0.2932254,0.4328584070796459,0.09336442500000001,0.6971831999999999,0.09960397200000001,0.015916500000000004,0.25671239999999995,0.05000964741669947,0.0006600600000000001,0.2773327801185246
1983,2.4462486000000006,1.0474619868334016,15.756256961325295,0.4600314000000001,0.09759430800000002,0.06346577453097343,0.1286838,0.018156600000000002,0.14147010000000004,0.6249744000000002,0.0,0.6613668,0.4433382,2.4330000000000003,0.84367719756,0.1523205,1.2307912074,,1.3708001880000003,0.6727079301480001,,,,,18.267709402120463,,,0.13510803600000001,0.2776791958666241,0.016074,0.137997,0.037255140000000006,0.19505610000000004,0.4013028,0.0026910000000000007,0.293436,0.0,0.0022224694930560005,1.2016534680000004,0.1084545,0.126882,0.09907740000000001,0.036977216400000006,0.45746935385040005,0.0708018659964,0.3058263,0.44301769911504413,0.1110879,0.7954758,0.240196716,0.021222,0.25310520000000003,0.05887211657915255,0.0022754700000000004,0.29089640863999067
1984,2.6811351000000005,1.0302970136158407,17.099437594714953,0.47193480000000004,0.093868056,0.07386700842477875,0.13082670000000002,0.0245322,0.14823360000000002,0.6913080000000001,0.00870696,0.6498917999999999,0.4692213,2.4630000000000005,0.9276435193500001,0.1673082,1.2220019982,,1.3400690760000002,0.6778472949000001,,,,,20.030712157561247,,,0.13921110000000003,0.3232393757887699,0.020177999999999998,0.14965920000000002,0.046823400000000015,0.22095180000000003,0.6224400000000001,0.0045449999999999996,0.3861,0.0,0.0019406239562880004,1.2231317520000002,0.13929299999999997,0.15732,0.0953154,0.036082345752000006,0.45114214956370924,0.08172238662472502,0.3094767,0.45099999999999996,0.12722613750000003,1.072449,0.3648796200000001,0.022636800000000006,0.2597184,0.0878861525276596,0.0019801800000000002,0.31960704876881635
1985,2.898492552,0.9994956311790354,16.123724368840435,0.48628890000000013,0.09303069600000002,0.09266222054867254,0.13344300000000003,0.019126800000000003,0.15174720000000003,0.6923269800000001,0.042108660000000006,0.6158772,0.4830921,2.579,0.93561341742,0.17302320000000002,1.1680255188,1.460955752212389,1.4951481480000002,0.6855586509632922,0.49381964601769907,0.16825529223457963,15.295724070796457,2.8343495575221236,,1.1785088495575222,0.025906194690265484,0.16994221200000004,0.3487117707579246,0.029069999999999995,0.14364,0.05961501000000001,0.20343960000000005,0.6429600000000001,0.0054,0.46437300000000004,0.0,0.0018261242069760005,1.3441721400000004,0.17082449999999996,0.17784,0.09028800000000001,0.03731691477600001,0.4822294440612996,0.09280970765797503,0.30170205,0.46914159292035396,0.1556218125,1.180242,0.40314697200000005,0.032540400000000004,0.2651292,0.11552861586769182,0.0012332700000000003,0.349034267180612
1986,2.7185454900000003,0.8878179281002478,15.706322011865472,0.5430051000000001,0.09474728400000001,0.10791736359292033,0.1300554,0.020287575,0.15528420000000004,0.7621970400000001,0.07141959000000002,0.5045454,0.5413545000000001,2.358,0.9321850881900001,0.1570833,1.1820312243000004,1.3526106194690262,1.5719340600000005,0.6296355283853098,0.4773238938053096,0.17960388965802632,16.65241592920353,2.8857964601769908,,1.3151327433628317,0.02880530973451327,0.19456059600000003,0.3349970895095683,0.053009999999999995,0.195966,0.06969222,0.21610800000000002,0.86184,0.013653900000000002,0.5342220000000001,0.0,0.0013691038400640003,1.374819516,0.196812,0.19151999999999997,0.10530180000000001,0.040061958624,0.5267854125090109,0.10465253640765,0.30249180000000003,0.4992566371681415,0.2174408775,1.2281094000000001,0.5421906000000003,0.03784590000000001,0.2843676,0.13478338517897379,0.00128538,0.3670578913145427
1987,2.946834594,0.9024156486998065,16.2713215128483,0.5304015000000002,0.09910155600000001,0.12054482649557521,0.13704930000000004,0.020166299999999998,0.1644966,0.74273652,0.09102901500000002,0.5662998,0.5548256999999999,2.3620000000000005,1.0058311567800002,0.15781320000000001,1.1234085408,1.2129203539823006,1.645705476,0.6381673718213097,0.438716814159292,0.19462227809612032,18.019701769911503,3.0016371681415928,,1.356017699115044,0.02880530973451327,0.18903401999999997,0.41010361012150165,0.12825,0.16347600000000004,0.07807293000000001,0.20902860000000004,0.9165599999999999,0.0134433,0.592839,0.0,0.0015599367555840001,1.5516280800000004,0.21760200000000002,0.171,0.1042758,0.03981561303600001,0.5378205270712284,0.1229613337953,0.3017898,0.5039734513274335,0.25047722699999997,1.3121513999999999,0.5862357360000003,0.042090300000000004,0.3045078,0.18831164386433763,0.00128538,0.3659680025031793
1988,3.402967032,0.9141562305421395,16.710752486475698,0.6287796000000001,0.10475373600000001,0.1213112332035398,0.13215870000000002,0.01902285,0.18933930000000002,0.76035888,0.08990311500000002,0.5269833000000002,0.5639067,2.0850000000000004,1.0122155361,0.15661800000000003,1.1001272004000002,1.1038938053097345,1.5848294040000004,0.6150110548446373,0.41765840707964597,0.22000242939910036,19.526033628318583,3.0084513274336278,,1.3594247787610616,0.025398230088495573,0.200798928,0.4452288358159503,0.19152000000000002,0.23392800000000002,0.07856491500000001,0.21834360000000003,0.99522,0.031800600000000005,0.609336,0.0,0.001431736181568,1.6220919240000002,0.23977800000000002,0.1881,0.12536010000000003,0.04778618230800001,0.550776203809632,0.14472388074374998,0.3135483,0.5173982300884955,0.293417586,1.4330988000000002,0.6052019400000002,0.036784800000000006,0.32284440000000003,0.22319495552126456,0.00097272,0.38435215503673503
1989,3.6153695790000007,0.8775532523714152,16.94688474786175,0.6648399000000003,0.11048965200000001,0.12437686003539819,0.133569,0.016129575,0.18970109999999998,0.7807384800000001,0.11529216000000002,0.5515290000000002,0.5764059000000001,2.279,1.02679912863,0.1450215,0.9862029468000001,1.0493805309734512,1.5520048920000007,0.6327625106239648,0.38958053097345124,0.20692687149817254,20.38679469026548,3.0629646017699113,,1.400309734513274,0.025398230088495573,0.20887945200000002,0.562206069,0.22059,0.279072,0.08153379000000001,0.23101200000000005,1.01916,0.05205330000000001,0.7153379999999999,0.0,0.004265737499898001,1.7489938320000002,0.268191,0.23255999999999996,0.1451448,0.043779052512000004,0.6374723029739173,0.15299521847032502,0.3072654,0.546025663716814,0.34885654650000003,1.5076404,0.6550248600000003,0.038553300000000006,0.34418699999999997,0.22297022862464522,0.00114642,0.21964717668237635
1990,3.7241203140000003,0.9499010286285859,17.40160537989415,0.6245784000000001,0.112917996,0.11323848887076104,0.1412856,0.015436575,0.1966815,0.87774138,0.11773161000000001,0.5408865,0.5873976,2.2830000000000004,0.9103807842300001,0.0995589,0.9592299,0.9573893805309734,1.7137409760000002,0.5857462957079648,0.3474637168141592,0.2193856578,21.5852389380531,2.8527345,,1.325016,0.021698854867256635,0.21876029999999996,0.889849341,0.13611600000000001,0.14329800000000004,0.08811621000000001,0.23473800000000006,1.1463840000000003,0.05731830000000001,0.705861,0.0,0.005524439605182001,1.8596509560000003,0.27962549999999997,0.21203999999999998,0.13820220000000003,0.108207478908,0.7420012936265701,0.16467124681507503,0.31328505,0.5550601769911503,0.41733846,1.6034337750231362,0.648409716,0.0300645,0.3676338,0.24299518870837844,0.0013896000000000002,0.28687086362884756
1991,3.9196281780000004,0.9633274817766805,17.3091011423984,0.6977493000000001,0.11224810800000001,0.11772218708569906,0.13990140000000004,0.0144837,0.19926595661850005,0.8752039200000001,0.1479176412714,0.55423016208,0.5907987,2.5812000000000004,0.89421513876,0.11129400000000002,0.8397665999999999,0.8313274336283185,1.9080922320000004,0.5910515107964602,0.30183716814159284,0.22487811299999996,21.287283185840703,2.7411615,,1.3613985,0.020445279646017698,0.20854450800000002,1.0511888309999997,0.059508000000000005,0.0171,0.08933769000000001,0.2842938000000001,1.202814,0.0669006,0.835731,0.0,0.0053336066896620005,2.0053097280000003,0.314622,0.223668,0.13481639999999998,0.106010100468,0.7767539995645981,0.1695869528661,0.318006,0.5620265486725664,0.464788863,1.760731623318213,0.76995252,0.030418200000000003,0.3970926,0.30114459202845,0.0025012800000000003,0.29300011930596975
1992,4.318729488,0.9337511579061069,17.448081117729988,0.7033509000000001,0.10192044144628792,0.13335838024603536,0.14331240000000003,0.01306305,0.19255684039255128,0.8638552800000002,0.15407638433991,0.562174866288,0.6168627,2.5921999999999996,0.9230366360700001,0.10717380000000003,0.7373637,0.7154867256637168,1.94037246,0.5750076043805311,0.2772690265486725,0.2109116844,21.320389380530976,1.810809,,1.384614,0.019862642477876103,0.24367176000000002,1.1125590408000001,0.077634,0.089604,0.09765054000000001,0.2961278112517668,1.3081500000000001,0.0691992,0.7781670000000002,0.0,0.005595441274872001,2.088040896,0.340263,0.231534,0.14593140000000002,0.10404878133600001,0.8400094306158709,0.1849325901192,0.3422952,0.5729115044247788,0.5196488220000001,1.8659189913985532,0.8060427360000001,0.0307719,0.3895776,0.32127716780915583,0.0072954,0.3012628303307278
1993,4.754305071000001,1.00001556,17.646477301940966,0.7534152000000002,0.10168861625450937,0.15622065730019466,0.14030550000000003,0.013756050000000002,0.21611929623300005,0.9322268400000001,0.16903044443754,0.5594527764,0.6565589999999999,2.642400000000001,0.88624148904,0.13694760000000003,0.7017129000000001,0.6541592920353981,2.2813035840000007,0.594868809123894,0.2386619469026548,0.1901920644,20.46956017699115,2.119887,,1.462923,0.016994016814159293,0.261005112,0.5944739670000001,0.08721000000000001,0.185364,0.09371466,0.3085853667220207,1.369368,0.06849000000000001,0.8069490000000001,0.0,0.0063104224819140005,2.1148782840000004,0.39119849999999995,0.217512,0.16628040000000002,0.110395014192,0.8778205006971157,0.20700911430045002,0.36242505,0.6082876106194689,0.5280150645,1.938512347262694,0.8684679240000001,0.03890700000000001,0.44849520000000004,0.36160456766587545,0.008685,0.2981431281254007
1994,5.146095753000001,1.05202835,18.371910916996065,0.7796727000000001,0.10964953819815247,0.17061012572001766,0.14473620000000006,0.014345100000000003,0.24752599029108005,0.9860329800000001,0.18314517652200005,0.5865154142400001,0.6927344999999999,2.5066,0.9590506538400002,0.12976290000000001,0.6206346,0.6200884955752213,2.435545296000001,0.5543325117345131,0.2246230088495575,0.11760667019999999,20.10539203539823,1.1638935000000001,,1.5343019999999998,0.01663488849557522,0.26720157600000005,0.9443324457000003,0.108414,0.20417399999999997,0.09812556,0.3218520145727439,1.4627340000000002,0.0742428,0.906282,0.0,0.008721594330696001,1.9443917880000001,0.419265,0.218538,0.1518822,0.10864939518000002,1.0076837990412133,0.21954858003539998,0.3647241,0.6370964601769911,0.570849048,2.2087184778680493,0.9198818280000002,0.0505791,0.4572126,0.3997290109022137,0.008685,0.2911762907099923
1995,5.498684999999999,1.0507050439999999,18.119550841540864,0.8756001000000002,0.10956120931768996,0.18829780715978756,0.1517364,0.013894650000000001,0.2657275970747401,1.09893996,0.19830618304443,0.605221869168,0.6844031999999999,2.5482000000000005,0.993779928,0.13268880000000002,0.6048108000000001,0.578453982300885,2.66563224,0.5740786562389382,0.23164247787610612,0.14804344079999998,19.48299557522124,1.049895,,1.5602895,0.015342143362831857,0.27163958400000005,1.1472478812000002,0.108414,0.3173076,0.13745043,0.33511866242346705,1.468206,0.09361980000000002,1.0993320000000002,0.0,0.008844901753032,2.213686764,0.433125,0.216828,0.1652886,0.11281043660400002,1.0654548606413208,0.24272402453145,0.4128111,0.6512831858407078,0.650801844,2.2186954614466545,1.018397232,0.0580068,0.46893599999999996,0.42321982946197767,0.00505467,0.2835659183396194
1996,5.5410506999999996,1.108980973,18.368354851244803,1.0128393000000002,0.11063921711773492,0.20576717217446014,0.1636866,0.01410255,0.3000385676662117,1.18805076,0.24096680024472003,0.655422271056,0.6851115,2.8839000000000006,1.3362285033900003,0.13147289999999998,0.5762718000000001,0.5847911504424779,3.1701877200000004,0.5334648652389382,0.2062670973451327,0.12802618079999997,19.883580530973454,1.14345,,1.5925140000000002,0.01451978849557522,0.27972010799999997,1.34925784344,0.110808,0.3181284,0.1486134,0.3493407737983979,1.5188220000000001,0.09975420000000002,1.18638,0.0,0.008282648042802,2.349046008000001,0.46084500000000006,0.219564,0.18594540000000004,0.14456960532000004,1.0668133061854204,0.260512797127275,0.4092309,0.7298,0.7103419785000001,2.3377960638964166,1.3012574400000003,0.05659200000000001,0.509517,0.48925261011322185,0.009970380000000003,0.30627973729481633
1997,5.750312399999999,1.1198330010000002,18.415436402151215,0.9585738000000001,0.09325601671197817,0.2239798787047433,0.204264,0.00835065,0.32559611193649585,1.2319668000000004,0.294980849793,0.64428069384,0.6654918600000002,2.5542000000000002,1.5344149527900004,0.13415040000000003,0.49856219999999996,0.593479203539823,3.23463132,0.4848066579999999,0.19643984070796455,0.20822164559999998,18.84735663716814,0.5623695,,1.6330545000000003,0.013992453982300885,0.3003191640000001,1.4176776879000001,0.10431,0.317034,0.16903926000000002,0.4828015501482028,1.5506280000000001,0.1547208,1.2744810000000002,0.0,0.00918602578359,2.694917556000001,0.47124,0.224694,0.17908550762956668,0.17986262198400005,1.066955294247509,0.25607786871397503,0.40954680000000004,0.8237371681415928,0.7722947925,2.4000831829577574,1.4871094920000003,0.0534087,0.508014,0.6022891840569,0.018446940000000002,0.319092044481485
1998,5.9617476,1.185628073,18.623809511021324,1.0359459000000002,0.09739801063642635,0.23462369856939816,0.23362380000000005,0.014171850000000001,0.32559611193649585,1.2921265800000004,0.28392119256474,0.629530764912,0.6565739759999999,2.4364,1.57907177172,0.1360125,0.46680840000000007,0.5710946902654866,3.3983031599999998,0.4441959370000002,0.18331343362831856,0.18290859119999994,19.48630619469027,0.43243200000000004,,1.78101,0.013809686725663716,0.3157684560000001,1.6009841700000003,0.10089000000000002,0.32459220000000005,0.17551989000000004,0.5842571730163068,1.6012440000000001,0.1950975,1.3011570000000001,0.0,0.009103841223498001,2.885835636000001,0.48510000000000003,0.217512,0.21663680543755312,0.188454432697875,1.089853484693309,0.27671205998205,0.37806210000000007,0.8446362831858406,0.8475435045000002,2.3600345111317127,1.4841368640000003,0.062251200000000007,0.535068,0.6538919658111356,0.031266,0.29693576352690315
1999,6.1394472,1.2324696610000003,18.364969704541675,1.2102957,0.07842261797212202,0.2754908399537521,0.2049444,0.014241150000000001,0.4106712250553866,1.0953036000000003,0.29106008682741,0.6724195067520001,0.603652824,2.2656000000000005,1.7318613981600004,0.1298826,0.4686012,0.5756431415929203,3.7345212,0.41854988200000004,0.19643984070796455,0.24318863820000003,19.598867256637167,0.7411635,,1.806651,0.014398570796460177,0.326737872,1.9072809863999998,0.108756,0.29712960000000005,0.18498636000000002,0.7691341691063301,1.5800400000000001,0.19340100000000002,1.3509990000000003,0.0,0.008982970182936003,3.243848904000001,0.5821200000000001,0.17784,0.15615779372982158,0.22024598533875003,1.1056511913260192,0.30169287356670005,0.3941028,0.9142637168141591,0.868441266,2.5591980369799083,1.5201852120000001,0.060836400000000006,0.6102179999999999,0.7162774183796893,0.04516200000000001,0.3189665493585544
2000,6.3469683,1.201632091,18.669610118617076,1.3097241000000004,0.11240649317341711,0.2775496720152526,0.20648906478282014,0.011971575000000002,0.4979041604686846,1.1158430400000001,0.30598150749687003,0.635956163136,0.574512696,2.2090000000000005,1.77920918631,0.1387242,0.4592133,0.5683690265486725,4.08452544,0.401809307848299,0.18520869026548667,0.30511571940000004,19.334017699115048,1.5277185000000002,,1.8333315000000001,0.014851219469026546,0.33029665199999997,2.0281179740400006,0.10773,0.32832,0.3715598829654383,0.9277740000000001,1.703502,0.19340100000000002,1.3471380000000002,0.0,0.008546939397918002,3.307990680000001,0.72765,0.201096,0.40336070533559903,0.22354736121225008,1.122923895103983,0.32609479162837507,0.3965598,0.9869026548672565,0.9130569525,2.5446392940345937,1.7885590920000005,0.120258,0.64629,0.7522210611685525,0.055584,0.33537200159098535
2001,6.4590921,1.1930653539999998,19.148219536275665,1.3002714000000004,0.16369543131554926,0.2834567297465641,0.21380375225231849,0.012820499999999999,0.5297351621358827,1.1825362800000003,0.3145806019233901,0.642001734864,0.5264901000000001,2.3273,1.9307237519700002,0.1462041,0.45134640000000004,0.5816225663716813,3.98929212,0.3906176540206533,0.18155856637168136,0.3112754165999999,19.251252212389378,1.6677045000000001,,1.8527354999999999,0.01518518849557522,0.34394561999999995,2.2537885680000005,0.094392,0.3249,0.5552870753315341,1.0060200000000001,1.8361979999999998,0.19815120000000003,1.381536,0.0,0.008243523217494001,3.1130114040000008,0.87318,0.211356,0.549408326253186,0.28023923241765003,1.1750874421735928,0.3651555217464,0.40003469999999997,1.1004327433628316,0.915398946,2.470553904088494,1.7648618040000004,0.24759000000000003,0.6823619999999999,0.7316812338287147,0.06948,0.35521992444990214
2002,6.5060127,1.2141983,18.404235507197463,1.2642111000000003,0.20973044881350517,0.34245272667259186,0.21595253368199,0.0153153,0.6214470708263176,1.1354833800000004,0.3183231452199451,0.64032416784,0.505095552,2.2867,2.3436698326200003,0.1494333,0.44375760000000003,0.6364424778761062,3.9055121999999995,0.3893046190346212,0.1683970619469026,0.3320989858799999,19.711428318584073,1.7390835,,1.8984735000000001,0.013987970796460174,0.356380416,2.6800971435000007,0.08071199999999999,0.297882,0.5991875249326201,1.0991700000000002,1.9391399999999999,0.2191878,1.522989,0.0,0.007488418166676,3.201897168,0.9459449999999999,0.20178000000000004,0.6170540917926934,0.28962162419535004,1.1880417490688666,0.384160956119325,0.40221090000000004,1.1850451327433627,0.9559588500000001,2.7212487401838064,1.8211742640000004,0.29710800000000004,0.7397765999999999,0.7647994370441198,0.083376,0.40433581708485833
2003,6.337691999999999,1.254254691,18.642809062320893,1.4368104000000002,0.24103399156430697,0.3720280073435601,0.20699927772502524,0.01812195,0.9066749732079525,1.0079510400000002,0.3015559358225045,0.6665638482720001,0.47959794000000006,2.185800000000001,2.6068586562000005,0.1511973,0.4366215,0.6586907079646016,3.8810198395642916,0.37350995503552603,0.16787060176991148,0.40030200485999995,20.542393805309732,1.923075,,1.9112940000000003,0.014288270796460174,0.36278622000000005,2.8111544523,0.053352000000000004,0.342,0.6600776368443075,1.1699640000000002,2.054052,0.2324205,1.5721289999999999,0.0,0.0083973185427195,3.378873204000001,1.0429650000000001,0.1881,0.7701800084122197,0.26648097538432497,1.2148281306889677,0.41322347373037505,0.43362540000000005,1.2704557522123894,1.023368346,2.849646447048114,1.898002044,0.339552,0.9198136893016002,0.799843117190653,0.08243802000000001,0.39278235458229455
2004,6.3624672,1.3329736170000002,18.111962985354403,1.5712488000000002,0.33911569272218833,0.4091680001358095,0.22085352146336415,0.029799,1.0288319442255227,1.1350638000000004,0.3555299096799981,0.6168065772959999,0.44769452400000004,2.5782,2.8290610608300004,0.1643562,0.4344831,0.6971907079646017,3.6328730786868855,0.39055502941329245,0.16355362831858403,0.4717676616299999,20.972774336283187,1.8953550000000003,,1.936935,0.014054946902654866,0.333716,3.2774446195199993,0.0342,0.37278,0.6716713300011671,1.4594742000000003,2.2462560000000003,0.21375899999999998,1.624779,0.0,0.04949626041085051,3.3139778040000003,1.14345,0.27565200000000006,0.8241910887316802,0.35061244599779184,1.293491253954949,0.444248349046425,0.429365599416,1.504300884955752,1.012959486,2.725008831621972,2.165119884000001,0.360774,1.1043574141962105,0.8333126540049982,0.14451840000000002,0.3802851660455712
2005,6.449488199999999,1.595228081,17.61986900434906,1.5975063000000003,0.4183769284391092,0.404691865536688,0.23206839440452656,0.05255892435215095,1.0803724308854192,1.0956632400000001,0.3928683379538151,0.59553629352,0.416963412,2.352,3.06715602654,0.16263000000000002,0.40617450000000005,0.7082637168141592,3.324204863257729,0.3670970608177805,0.20118149203539817,0.5251835329199999,21.22107079646018,2.047815,,1.9663875,0.012870088495575218,0.36627426697105353,3.4780509792000003,0.04959,0.42066000000000003,0.7505783579710846,1.7065080000000004,2.4364079999999997,0.20697300000000002,1.677429,0.0,0.06402340081371152,3.056823,1.472625,0.38646,0.8274235207871422,0.41497584424454625,1.3764700690597984,0.4774808767806001,0.4215399294599999,1.7894867256637164,1.0264369500000001,2.7457120978812632,2.437199266827445,0.43151400000000006,1.1739667910945129,0.8826386252291656,0.22372560000000005,0.4068136277425476
2006,6.4583064,1.7442792090000003,18.06206601790527,1.6139610000000004,0.44803054397207687,0.41322497751408915,0.24352856202944148,0.06151119336060082,1.2801697633882352,1.2580207200000002,0.3903465248613,0.588319590096,0.3792403440000001,2.3221000000000007,3.1681182160800003,0.1624626,0.40019040000000006,0.7186893805309734,3.0149431200000003,0.38897112098081355,0.2373773840707964,0.5483194542225,21.772123407079647,2.0374200000000005,,2.0374200000000005,0.011924159292035398,0.38747545779678483,3.789981927,0.04959,0.42442199999999997,0.8744924979846901,1.8890820000000006,2.5123661999999998,0.21206249999999996,1.712529,0.0,0.08700194692497153,2.9267815500000003,1.8953550000000003,0.45126900000000003,0.9680942967527737,0.4225785978719312,1.46456017885815,0.5170812552674999,0.4412205570785707,2.124489380530973,1.0147252500000001,2.7142955716465265,2.428772071034263,0.4456620000000001,1.199501224015491,0.9061294437889295,0.24318,0.5233550028561894
2007,6.2884485,1.6869086750000002,18.788000045951268,1.5694983000000002,0.47988693166698293,0.4160784629738545,0.2612838323975963,0.09270717551186305,1.3573203866517425,1.34089776,0.34614614049909004,0.538910493408,0.33525628881530156,2.232100000000001,3.22677251262,0.16314699996,0.3865563000000001,0.7190300884955751,2.717742110013982,0.36003628164943663,0.3801779522123893,0.5685295515524998,21.658072566371683,2.2176,,2.1205800000000004,0.010815929203539822,0.4031505478942794,4.248519298200001,0.163546452,0.385092,0.8858346324401926,2.3548320000000005,2.545164,0.20358,1.765179,0.0,0.10148815050729301,2.9392555500000004,1.9296585,0.522576,1.2108322009128458,0.4435153108188467,1.539042652593207,0.5521093403017501,0.4301146273021385,2.5122477876106193,1.04272245,2.612848635748071,2.4346331399652934,0.4782024,1.2168091909399095,0.968514896357483,0.24595920000000002,0.621034261151949
2008,5.993697600000001,1.7003008220000002,19.65842903728166,1.5425406000000006,0.49651268167315715,0.5175385099800974,0.3138791203402215,0.12592596569812872,1.3463825692419318,1.2032355600000002,0.37764416237352005,0.49086244166399995,0.31734640620000004,2.5526999999999997,3.5769413048400005,0.154487,0.3765006,0.7306141592920352,2.619740338556167,0.3400257624227619,0.5733677787610618,0.6584751182925,22.012308849557524,2.2176,,2.19681,0.010950044247787609,0.4326328178960553,4.4484272568,0.2324745,0.43434000000000006,0.8689073631931961,2.86831206,2.751048,0.200187,1.763424,0.0,0.1245438529555905,2.97362835,2.0433105,0.54378,1.1800518747669038,0.5981385598899577,1.5005845236659745,0.58955112531315,0.4265999046738,2.913539823008849,1.0581070499999998,2.693877881952159,2.491382696282962,0.4385880000000001,1.2458739945702597,1.072725928093552,0.26051526,0.658316846220448
2009,5.581829700000001,1.8929898400000003,20.072970399301074,1.450842883085702,0.4277370353315021,0.44196992754893105,0.3640255094770297,0.12908879572916251,1.3880955761607376,1.1446542000000002,0.3152430694428401,0.458862059376,0.27476621505972,2.358,3.7296260280000006,0.15407,0.3742344000000001,0.7321473451327433,2.2034069322515992,0.3330474534498985,0.5728834353982301,0.6843252023999998,19.302831663716812,1.1995829999999998,,2.1032550000000003,0.011084159292035399,0.4368061584205425,4.8864818232000005,0.24669828,0.39292380000000005,0.8609029349721232,3.327318000000001,2.6829899999999998,0.22088429999999998,1.7142840000000004,0.028148399999999997,0.09850193429708702,2.7564075,2.1722085,0.54378,0.8349097956004714,0.6093257875002104,1.6811133416242714,0.6748825792206364,0.40062993387300005,3.093830973451327,1.3013977960721435,2.809586056235932,2.3819648360963965,0.408685401757287,1.249260086115018,1.0580303188856328,0.2782674,0.6676965925596544
2010,5.385278699999999,1.8424014410000005,20.705668086595185,1.403891847335701,0.4937220832218727,0.5407399206514034,0.39036195972366355,0.2633380525741062,1.4505490959074823,1.0962626400000004,0.30729379562043996,0.40046373561599996,0.28823634170667006,2.7096,3.8320525401300007,0.15461699999999998,0.3608442,0.6994053097345132,2.084433573850101,0.336550370750999,0.5851675061946902,0.7354891313999997,21.541922792920353,1.4446017699115044,,2.0571705000000002,0.011852300884955749,0.44743161843464047,5.180765733000001,0.25686936000000005,0.40126860000000003,0.9251193953804606,4.432005350698585,2.9979720000000003,0.3033342,1.7999982,0.2251908,0.11717531053254003,2.7862758000000003,2.1247380000000002,0.5750388000000001,1.1126400262712894,0.6850509742477073,1.9443822246785463,0.6931341767715751,0.43111251721102506,3.475602654867256,1.7074507576591076,3.132018553198311,2.3429541119032486,0.439483586530662,1.2725422318998898,1.2137436383059703,0.32662547999999997,0.6548080696738984
2011,5.438567699999999,1.87556367,22.224907683706487,1.357842423765601,0.5412240448097551,0.6201707479732637,0.37965047245900896,0.4132994660325012,1.3926677880608598,1.0885104,0.2468564259001788,0.37675623182400003,0.28972178014176003,2.5019000000000005,3.61824539922,0.16118500000000002,0.362862,0.7035960176991151,1.6589710221397567,0.33299015839799745,0.5742417026548672,0.7231927373999997,22.205798004424782,2.027212389380531,,2.0391524999999997,0.012280353982300884,0.4544668527711435,5.4355053168000005,0.22686912,0.46282860000000003,0.9766036177139179,5.412812364000001,3.155292,0.2670291,1.8360108,0.3392289,0.15233158593846452,2.865555,2.129158109925,0.268641,1.31132936026941,0.687906738347183,2.003424168057966,0.7049573819442001,0.449236476,3.821961946902655,1.545602196507312,2.9764455459674672,2.4102420159446125,0.451800857306043,1.2722272862308197,1.216939930011643,0.29459520000000006,0.6601429456975882
2012,5.410987200000001,1.8306067320000003,23.36849380044776,1.3208833186874995,0.6170322105532858,0.7139825848016313,0.4149233164077973,0.4304906908953651,1.3871666597361032,1.1485702800000004,0.2156830183254453,0.340609410288,0.2950489474798171,2.4625000000000004,4.0990407847200006,0.16356900000000005,0.3635271,0.6981446902654865,1.4109258589564677,0.3013520092893617,0.6051519345132741,0.7139403953999998,21.66677949557522,2.1226106194690266,,2.0349945,0.011890121446055356,0.4698667617025176,5.649687315000001,0.22828842000000002,0.530613,1.01959174838591,5.851667872440001,3.3970860000000003,0.2188485,1.9059300000000003,0.27420839999999996,0.09076459003281821,2.823975,2.109534532875,0.41723999999999994,1.4097708916199303,0.6825736406071421,2.142939396703363,0.7681060528911,0.4410459510210001,4.013210619469026,1.3416416209393383,2.818784518780041,2.493025952106798,0.45039966509472756,1.3175003005573769,1.3841948746739186,0.3249927,0.6487705612648508
2013,5.469132600000001,1.8895694110000003,23.60493846387178,1.2440107284138,0.704716710240006,0.790185399635782,0.476045133201273,0.44636851955806117,1.3949013512462405,1.1012576400000003,0.1790490746089853,0.309748507488,0.26522982100842835,2.6066000000000003,3.8854887917400007,0.16006700000000004,0.3600684,0.7257079646017698,1.3312936710674599,0.25764661834509345,0.6280705008849555,0.7697344176,22.12186386902655,2.1226106194690266,,2.012472,0.01222587787610619,0.50248187461593,5.671009969199999,0.25461558,0.5578429896346645,1.1082924762378095,6.053581814390241,3.421026,0.17982900000000002,1.91646,0.37270709999999996,0.22504707697127402,2.8561995000000002,1.94273412795,0.43776000000000004,1.1915845503837572,0.7119026307918234,2.224805324061099,0.7903003185346502,0.42844729355999994,4.385185840707964,1.1182726117931516,2.794451532992658,2.613189621234245,0.4629939092040021,1.281086231227233,1.401650932014771,0.33874974,0.6729157312719536
2014,5.7236975999999995,1.8467929170000004,25.37015336044056,1.2414916636865976,0.7299656864782762,0.8405163388557875,0.4439820307644294,0.4725802808839034,1.3704193970238827,1.1443744800000002,0.17282355580999684,0.290978748144,0.24514402488439813,2.173900000000001,3.88827976923,0.156014,0.36699479999999995,0.7278884955752211,1.3475344851192568,0.22795016770949128,0.6618267900000001,0.7805068811999999,21.281585609734513,2.286150442477876,,2.0266785,0.011926970796460174,0.5290748924810625,6.3162217206000015,0.27111003480000007,0.5139841415632953,1.0565668711647251,6.102964748211423,3.5013959999999997,0.16625700000000002,1.9039852367820844,0.3514203,0.2639197147129965,2.8862064,1.6905977550000002,0.42578999999999995,1.439371199476475,0.7107758760948082,2.39918832410886,0.8288017767067501,0.45677327111342725,4.722510619469026,1.0567878557738568,2.750384792689947,2.598267882317061,0.5955549052437215,1.2595208202362813,1.407311834192288,0.35469540000000005,0.8487112752746696
2015,5.7872043,1.726090111,26.650915307005437,1.2776811929486986,0.7041814445039858,0.8569618210041767,0.4179713698345545,0.455641797881655,1.2944108353624877,1.2983403600000003,0.1725676294293971,0.270879596064,0.23218876246458942,1.6514000000000006,4.18458104874,0.154197,0.3678201,0.6780088495575222,1.463802592143897,0.2187623834888362,0.67622589,0.7910153099999997,21.039824312389378,2.3713274336283185,,1.9300050000000004,0.012080929867256639,0.5312559320156361,6.607724266800002,0.26283948300000004,0.5782877999999999,1.106896243784994,6.296593490950499,3.57219,0.14589900000000003,2.1123514276792026,0.1028286,0.29038878883578245,2.9308009499999996,1.5332625,0.39672,1.7123502751632003,0.7693509736506731,2.7374019189314076,0.9307462594815001,0.4784922754209261,4.884079646017699,1.0131401187986713,2.7418392243939067,2.7664563471323973,0.691800614822957,1.2617123824425724,1.3491816856415275,0.3703284,1.0597982691871346
2016,6.184953000000001,1.571451265,26.18482001232036,1.3421648309328011,0.6758836361360455,0.8684487977342652,0.4327272863379305,0.5046636715696076,1.1261411444138087,1.3405944220603587,0.16920369538140803,0.24922948579199997,0.19835147660644564,1.5943000000000003,4.17205997046,0.14874500000000004,0.3258999000000001,0.6848230088495577,1.5025748073281757,0.31242474871885123,0.65799144,0.8261690399999997,21.213913237168136,2.275929203539823,,1.9124653539823007,0.011497608451327431,0.5186345781130633,7.176309111,0.3562408116,0.5913522,1.1331901073538455,6.249889268261389,3.7914120000000002,0.1272375,2.1713502817026615,0.0180405,0.32570822160000007,3.29012145,1.4490629999999998,0.33857999999999994,1.5349327504992005,0.8002180401438564,3.4710921185273333,0.95223407635125,0.46594240840008466,4.965898230088494,0.9569633723280055,2.7028787172357602,2.761037318205339,0.6580827320860564,1.248432791938732,1.3418534787000318,0.3685914,1.0875727793760632
2017,6.3216548999999995,1.3776639739999998,26.862145612630034,1.3373959780925988,0.6564878935249505,0.9785311872860708,0.4423660653475776,0.4683868892687235,1.1474253931601377,1.389793958732501,0.18180103059695504,0.229541812416,0.1898301078176425,1.387,4.435892184150001,0.14543999999999999,0.3604104370000001,0.6984513274336283,1.5078473707875926,0.32345192264578293,0.63931059,0.8426852099999996,22.880191053982294,2.1123893805309732,,1.922243672566371,0.010813893584070795,0.5207876296234135,7.9029733289090895,0.36424074219049696,0.5848790488316126,1.1636429022703838,6.0702495207854135,3.933007524,0.125541,2.2449957370965548,0.02164806,0.3431872836,3.3471553500000004,1.7572553524291994,0.31122000000000005,1.6994022822333004,0.9556086645307541,4.061540252707382,0.9573362063842501,0.46277669317804504,5.371,0.9969596763371199,2.617379576971992,2.8247627261746113,0.6407601002586271,1.2474539152631272,1.2940745358726384,0.34274484,1.0877190452098917
2018,6.4451412,1.266877,30.091148269796943,1.4193140345162985,0.6132972226205041,0.9058448427956933,0.46283465454470707,0.46038712080588884,1.2226000735630194,1.1382875826224255,0.15453940968927407,0.19950386702400003,0.1868110891892757,1.1627,4.366327160430001,0.143327,0.358475384,0.7086725663716814,1.4586874224432034,0.3045658228736785,0.6856781706,0.8608535971365695,24.088067256637164,2.2146017699115044,,2.0577568584070796,0.011173041238938052,0.5273084208762425,8.579781478362417,0.3806544800320297,0.6066320859318922,1.2971039804032636,6.353534439263241,4.0356,0.1294946265537431,2.2095114140413235,0.020640506209555785,0.3647591172000001,3.378375,2.1080997569091795,0.29804229538131,1.7377039367117995,0.9827242472134746,4.683703501254677,0.95694373484325,0.45234979598512737,5.815106194690265,0.9897974825340153,2.620860300031428,2.7812846279037187,0.6144279953140838,1.231203740184528,1.2502121713815382,0.34774740000000004,1.009975084990631
2019,6.231753389672771,1.2236400031041554,33.15171020503723,1.4981693965343978,0.5382123739989514,0.9294624357553272,0.47498001868598244,0.48599799482037814,1.2441920578726675,0.9524092692086519,0.11529204405058002,0.191907337104,0.16636490777472546,1.0112498979175175,4.11787331739,0.1434970874208861,0.3483477982169523,0.7052654867256639,1.4266582515648785,0.26514897304394064,0.8754560298,0.8422814918700466,24.445614159292035,2.2738746263776353,,2.0258495575221236,0.011396642300884954,0.6083824866937939,8.789587130100925,0.38804255136866705,0.6623048706180359,1.308216924801851,6.412625413336139,4.091194308943089,0.1341844558118778,2.251109503530478,0.020804924597086844,0.36519143569090917,3.10464,2.337793067285156,0.33964654556730467,1.7740493499249,1.0095884281808518,5.524707495701729,1.033416842657125,0.4672848980509627,6.39200884955752,0.9686353909369829,2.431524534232059,2.8371656187018504,0.6144279953140838,1.219307050577439,1.287816735846472,0.35469887400000005,1.0657499841628806
