,Canada,Mexico,US,Argentina,Brazil,Colombia,Ecuador,Peru,Trinidad & Tobago,Venezuela,Denmark,Italy,Norway,Romania,United Kingdom,Other Europe,Azerbaijan,Kazakhstan,Russian Federation,Turkmenistan,USSR,Uzbekistan,Other CIS,Iran,Iraq,Kuwait,Oman,Qatar,Saudi Arabia,Syria,United Arab Emirates,Yemen,Other Middle East,Algeria,Angola,Chad,Republic of Congo ,Egypt,Equatorial Guinea,Gabon,Libya,Nigeria,South Sudan,Sudan,Tunisia,Other Africa,Australia,Brunei,China,India,Indonesia,Malaysia,Thailand,Vietnam,Other Asia Pacific
1965,1.8383280442069976,0.7564581610064794,17.920397114529937,0.5767433862068966,0.21139351459302325,0.4464254608001194,0.017965932452276068,0.14221551718958117,0.2795341652097902,7.714375001380613,,0.0954482,,0.5371999,0.0035196000000000003,0.9981837,,,,,10.1770072,,0.0,4.008241483516484,2.7099008771929824,4.986576062729173,,0.48626321966130376,4.651912967032967,,0.5726185086904604,,0.12763632950819673,1.0952371871536526,0.0274445,,0.0029749000000000004,0.2714282,,0.0530035,2.4294361979166665,0.5659214170040485,,,,0.0043157000000000004,0.014506029810298103,0.16613241539509538,0.473889,0.1266218,1.0280278008298755,0.002001767015706806,,,0.07034209299704618
1966,2.0200892589443065,0.7747118052088847,19.045178269187723,0.6135821551724138,0.258074255872093,0.4375980437727024,0.01572019089574156,0.14221551718958117,0.3168859969601294,7.491129567518943,,0.077515,,0.5478425,0.0032682,1.0317037,,,,,11.107690000000002,,0.0,4.478810714285714,2.8729489878542513,5.260816106174598,,0.6073072829246325,5.487593502747254,,0.7304842775640175,,0.1375799092896175,1.4096197473551635,0.0264389,,0.0025978,0.2621683,,0.060629300000000004,3.002942447916667,0.8618846963562753,,,0.0323049,0.0043157000000000004,0.01865060975609756,0.19946974509536788,0.609645,0.1947093,1.0026443983402489,0.002001767015706806,,,0.06838464097851181
1967,2.208177765617875,0.8574315832135743,20.288886313556848,0.6688193586206896,0.324761029127907,0.4221500639747226,0.01347444933920705,0.15971880760445956,0.3708386428217305,7.874059279472566,,0.0721937,,0.5638063999999999,0.0037291,1.0746512,,,,,12.071390000000001,,0.0,5.468266552197802,2.534469365721997,5.295839194542605,0.11828080054274083,0.6761771809882507,5.919928983516484,,0.7753278957144751,,0.15261811693989072,1.6192356319899244,0.0225003,,0.002095,0.23384390000000002,,0.14434550000000002,3.450994205729167,0.6585905330634279,,,0.0938979,0.0041481,0.043518089430894316,0.21613840994550412,0.581572,0.2374473,1.0787946058091284,0.002001767015706806,,,0.062331804566902314
1968,2.3933001854968876,0.9176378889645259,21.070685910887008,0.7327298620689655,0.3568565411860465,0.3879002325660546,0.011259471365638768,0.1667381101169158,0.39743031207598367,8.03484388900221,,0.0681713,,0.5671165,0.0035196000000000003,1.1008387000000002,,,,,12.95548,,0.0,5.982491208791208,3.1105406477732793,5.578071329244799,0.5014696607869742,0.7115126704056985,6.461933109890111,0.043934979536152795,1.0104231975587104,,0.1634938,1.7775550458438287,0.031425,,0.0018017,0.3593763,,0.1944579,5.189675078125,0.2924280728744939,,,0.1337029,0.0037291,0.08104073170731708,0.25433781792915533,0.669981,0.24524069999999998,1.27052622406639,0.008029005235602094,,,0.07073393198362454
1969,2.606936014315048,0.9622338750220606,21.42563721830156,0.7586731862068965,0.3892249099418605,0.4707008576255162,0.008982966226138034,0.16190671890631936,0.3257909769335142,7.994751743587572,,0.06666290000000001,,0.5675774,0.0035614999999999996,1.1238418000000001,,,,,13.75577,,0.0,7.092150549450549,3.1391921052631577,5.904043689498433,0.6785582767978291,0.7429601124438804,6.819262410714287,0.1105805593451569,1.2738834151519172,,0.16297497267759564,1.8618597455919395,0.1029902,,0.0010056,0.5151605,,0.2106313,6.18908828125,1.1151252429149796,,,0.15532330000000003,0.0024302,0.0932530487804878,0.2578100720708447,0.9109060000000001,0.2816937,1.3580120331950205,0.018015903141361256,,,0.07303303709402567
1970,2.9358445541067537,1.0131003883972467,22.353224671925894,0.8380216724137931,0.36841568486634757,0.4927408632855651,0.008982966226138034,0.16184677613092596,0.2905142469470828,8.264274813166022,,0.0629338,,0.5730663,0.0065364,1.1168025999999998,,,,,14.7923341,,0.0,8.069393688461536,3.196981309041835,6.360375317811343,0.6889337856173677,0.7575688786997994,8.05198573489011,0.17734618008185538,1.5819042855247445,,0.16416339863387977,2.0243353861460953,0.2122235,,0.0007961,0.6873276,,0.2272237,6.6849322265625,2.235410236167341,,,0.1739269,0.0018436,0.3647230352303523,0.2828130693460491,1.284235,0.2852971,1.8064521438450898,0.03603180628272251,,,0.07876612174792319
1971,3.1493620965264633,1.0100966729697702,22.034700906577406,0.9038191206896552,0.3856454333759553,0.489215603856297,0.008982966226138034,0.13824050195352966,0.2676881275440977,7.955827700008399,,0.0566907,0.012267513368983955,0.5904967000000001,0.008882800000000001,1.0756568,,,,,15.7963,,0.0,9.581885845054943,3.496246828609987,6.810823735560939,0.6100799185888738,0.897395641435024,10.089298413461538,0.2211611186903138,2.1498558113307684,,0.15926416672131147,1.5418219518891687,0.2397099,,0.0005866000000000001,0.6264888,,0.24281049999999998,5.475667338741988,3.160243886639676,,,0.1721671,0.0009637,0.6392014150546678,0.26822798760217986,1.6512790000000002,0.3010515,1.8868329183955739,0.1381219240837696,,,0.08471595265259324
1972,3.6332808712561713,1.0515901701837984,22.11850256873704,0.9309356448275861,0.37827859682274234,0.4431941282967607,0.17564775330396476,0.1445842553815796,0.2933909633649932,7.282737364853905,0.004094899866488652,0.05069900000000001,0.06765617647058823,0.6045332,0.0139527,1.0669416,,,,,16.77676,,0.0,10.630488597802197,3.033967125506073,7.011932831689941,0.5867819267299864,1.008673844516314,12.7473405989011,0.24478060027285128,2.4471123232055194,,0.14864444000000002,2.083539558438287,0.2956883,,0.014078400000000001,0.449168,,0.2640957,4.475743395432692,3.757690388663968,,,0.1666363,0.0011732000000000001,0.6821322349313148,0.37969531111716626,1.913573,0.3089287,2.2928862240663896,0.18667437172774867,,,0.08880715467486078
1973,4.203182233061409,1.0835084034238458,21.56393080940431,0.9050891241379311,0.38363000578407597,0.4168193694680798,0.46935998531571227,0.15729631025109764,0.34446689280868387,7.602107148077908,0.006125567423230975,0.0462995,0.06542673796791444,0.6132903000000001,0.0155868,1.0715506,,,,,17.9751,,0.0,12.376299753296701,4.164950472334683,6.444238380754251,0.608004816824966,1.189570966553404,16.090211521291206,0.2315932469304229,3.109833899429481,,0.1436671550273224,2.16617269093199,0.3425325,,0.08761290000000001,0.35527010000000003,,0.3183143,4.384106030649039,4.239870047233469,,,0.1624882,0.0017598000000000002,0.8545266348939352,0.47909076512261584,2.246259,0.30159620000000004,2.830249377593361,0.18216079842931937,,,0.09392954918287152
1974,3.954796352221404,1.3582384730101098,20.589924096364197,0.8859653862068965,0.4003056934502286,0.3801912961859979,0.39749625550660794,0.17153271940703468,0.3880440298507463,6.731244031378287,0.004083711615487316,0.0462576,0.07156049465240641,0.6216284,0.017179,1.0675282000000001,,,,,19.227909999999998,,0.0,12.70396258791209,4.075908165991903,5.441570980740003,0.6017795115332429,1.0810487029380058,18.002214134615386,0.2691489085948158,3.406085856441555,,0.14161139907103826,2.0042493493702764,0.3578679,,0.1028645,0.3122807,,0.4274638,3.0832394501201925,4.654094804318489,,,0.1734241,0.0010475,0.8454835902018504,0.40811559019073573,2.717215,0.313831,2.9085148686030426,0.1621431282722513,,,0.094560135762004
1975,3.418026036704671,1.682481648891914,19.683379833299327,0.8489171172413794,0.39012971437420907,0.35612684418818735,0.36156439060205586,0.15913688934191703,0.44822198100407057,5.325397672465678,0.006125567423230975,0.051746499999999994,0.38642667112299467,0.627662,0.0656992,1.0550839,,,,,20.5645619,,0.0,11.290788395604396,4.680357905263158,4.456060717260378,0.7076097014925373,0.912004407690943,15.056219666895604,0.40059372442019103,3.376054836141701,,0.12890814333333334,1.9610833783375314,0.32644290000000004,,0.0749591,0.4916546,,0.4740985,2.9971828766025643,3.680346720647773,,,0.19311709999999999,0.000838,0.9059551553593121,0.38408770980926427,3.2288140000000003,0.34705769999999997,2.7625603042876903,0.196173167539267,,,0.09498404817792037
1976,3.1552638242837645,1.8760201606535059,19.189355057658307,0.8553523793103449,0.37993366046283394,0.3327606294103598,0.42335612334801764,0.16916351138769672,0.4411268385345997,5.229651316648014,0.008189799732977303,0.05417670000000001,0.5720022192513369,0.632271,0.5098811,1.026969,,,,,21.7744663,,0.0,12.442884148351647,5.008114293927125,4.605263886018808,0.7636488195386704,1.0191372661399272,18.321219232087916,0.4205205184174624,3.9399627478837735,,0.1230603,2.188400862569269,0.3169316,,0.08799,0.695959,,0.4744756,3.9173161093749997,4.2773265889878544,,,0.155449,0.05303987472527472,0.9277049985982618,0.44503999373297,3.652004,0.3628121,3.189685427109267,0.33521096858638744,,,0.12363006014807326
1977,3.16656406895625,2.277922926026775,19.391478268373394,0.9243963551724138,0.36611084578212183,0.3128782081355426,0.4122891100182288,0.2009649580114449,0.4751983039348711,5.090427538159669,0.02041855807743658,0.0522074,0.5867960561497326,0.6301760000000001,1.6033035,0.9949574000000001,,,,,22.8689781,,0.0,11.967808365384617,4.8600740168690955,4.222670895126817,0.7055345997286295,0.9078304744749663,19.62579352232143,0.3818158935879945,4.055628417805493,,0.12228835546448089,2.336186215365239,0.2958978,,0.0686741,0.8757100000000001,,0.4720873,4.17431058193109,4.303436107489879,,,0.18033760000000001,0.05083137637362637,0.9814972706990001,0.4652141016348773,3.923516,0.4267515,3.558844691332411,0.3663233638743455,,,0.1441344709080353
1978,3.1504557619287006,2.794407745127701,20.288217124842145,0.972493220689655,0.36404067027653264,0.29743022833756283,0.45627660476479825,0.3316402083690987,0.47727340569877885,4.901255995682618,0.016334846461949264,0.062389099999999996,0.727872459893048,0.5913766,2.2628514,1.011466,,,,,23.9471489,,0.0,11.095960302197803,5.303634145748988,4.557869054265223,0.6515819538670284,1.010091838266399,17.78401286291209,0.3734701909959072,3.7143116682366983,,0.11592834759562841,2.385591328589421,0.2710511,,0.101817,1.055461,,0.44414,4.007650646033654,3.9152020448043183,,,0.2071536,0.06500669890109889,0.9716967682926829,0.49174644891008173,4.359694999999999,0.47225490000000003,3.440184335638543,0.4323816753926701,,,0.14338114508478023
1979,3.6149043758478654,3.3796502709073946,19.98593668168998,1.0172525344827585,0.37712459661372,0.2797753942827288,0.4832255034432123,0.4208427787839771,0.44407177747625515,5.336728965981528,0.016334846461949264,0.0719423,0.8170298818572884,0.5326747000000001,3.2620826000000007,1.0524022999999998,,,,,24.536640000000002,,0.0,6.724328406593406,7.192102769230769,5.4310635457537755,0.6121550203527816,1.0560051036421447,20.447655288392856,0.34843308321964533,3.71469517248242,,0.10740364377049182,2.433821421221662,0.30168,,0.1157278,1.095266,,0.4105362,4.235000532852564,4.751087791160593,,,0.2319584,0.11618386538461539,0.9752768278665546,0.5338389948228883,4.447685,0.5379541,3.332932409174735,0.5644982984293193,,,0.18484406189554634
1980,3.4889914179562496,4.491173118069737,20.120103268885533,1.0586887448275861,0.4140120190743822,0.28496770307807134,0.4620304662008204,0.42925917004291847,0.4411268385345997,4.916811230936534,0.012284699599465952,0.0715233,1.0495795121357634,0.5028419000000001,3.3715672999999997,0.9997340000000001,,,,,25.273241999999996,,0.0,3.107221120879121,5.491963619433198,3.63832867585067,0.5915067481869648,0.9918974169443648,21.36075870741758,0.33055841746248293,3.5114677862794834,,0.11126992896551724,2.1596288819143576,0.3112332,,0.1327392,1.247782,,0.3727005,3.6992351706730773,4.2591434817813765,,,0.2357713,0.1643294978021978,0.9150437277824504,0.49087069324250676,4.439305,0.39381810000000006,3.311569687413554,0.5540013612565444,,,0.1550177250978748
1981,3.157651161503092,5.363004724428308,20.061581742241845,1.0783542931034482,0.4835297014210301,0.30405079110812566,0.4764882787736088,0.42371348025751077,0.39219423337856174,4.760483413709222,0.030627837116154872,0.062305299999999994,1.0178490757075558,0.5084146,3.749212,0.9637838,,,,,25.509558000000002,,0.0,2.772094330769231,1.8647264210526315,2.4563421053481522,0.6832701889065642,0.8671770762353133,21.21594989010989,0.34217380627557975,3.104231568888356,,0.10791526985114001,1.9243281073047858,0.2999202,,0.1718319,1.3471688,,0.3206188,2.4769220252403845,2.9711906342780026,,,0.2265533,0.2524007653846153,0.8912561882067096,0.3546508476839237,4.241118,0.6274525000000001,3.3504117021668964,0.5184576570680628,0.0028056865987574047,,0.15423122678310705
1982,3.124237470928163,6.327448007588936,20.142304128840138,1.071437903448276,0.5892061106697087,0.3203872199905459,0.4764882787736088,0.4283031007582261,0.3672930122116689,4.298731524654199,0.06942309746328439,0.07386970000000001,1.0572005324811744,0.5125208,4.3248761,1.0081977999999998,,,,,25.6658869,,0.0,5.031872987362638,2.0323213319838054,1.7876337815284509,0.6998710030178262,0.7071091474202046,14.253719547722437,0.32339597544338333,2.7001385535652322,,0.1035607379385717,1.9144405516372796,0.268579,,0.1907707,1.3958566000000003,,0.32648479999999996,2.3209846955128204,2.6562394736842103,,,0.2156174,0.3161840763736264,0.8788224483693112,0.3635394132152589,4.278828,0.8330139,2.7898615638543105,0.608537172774869,0.010112581043201849,,0.16943509542482993
1983,3.2916846571749896,6.164518616846935,20.236134973866637,1.075460303448276,0.7470335564361619,0.3437741677315022,0.5371233008000406,0.37436847366237486,0.33201628222523744,4.075567966023744,0.08779979973297729,0.0938979,1.3155611793171813,0.5062777,4.816824,1.0868859999999998,,,,,25.8247717,,0.0,5.146763017582417,2.27744424831309,2.3047324839032965,0.8098513965049361,0.6431076827485979,10.067710101271711,0.33591452933151433,2.5432631137771606,,0.0994157060260034,1.8835484309823676,0.36830100000000005,,0.2247935,1.526417,,0.3297111,2.276409289863782,2.549948616734143,,,0.2317908,0.3449808873626374,0.8554627382954864,0.36615781773506706,4.444333,1.0624163999999998,2.961650791147994,0.7706803010471205,0.024510921839329576,,0.1799246108398691
1984,3.511876548610517,6.214241386884502,20.78812278343358,1.0534396862068964,1.04565561988842,0.3779095212598895,0.5842364199179706,0.4053913895135908,0.35373378561736774,4.089619789287809,0.09623014686248331,0.09523870000000001,1.5065047257721271,0.5004117,5.2821235,1.0941347000000001,,,,,25.672548999999997,,0.0,4.29551432967033,2.5365632348178138,2.5444648057965233,0.8695734329995788,0.7184609055348589,9.177644426796348,0.3389269849931787,2.4361147483435563,,0.09956523620689656,2.0441318168765745,0.4221006,,0.2524475,1.7529283999999998,,0.36578700000000003,2.0214035564903847,2.8725418623481778,,,0.229612,0.43579315164835164,1.109645320524442,0.35280155480584147,4.802159,1.1813286,3.1379947358229594,0.8952340837696334,0.044497686630164485,,0.20505815478669695
1985,3.5902110286672104,6.1112768933262736,20.895745148449215,1.0122462068965516,1.234812349707214,0.39894552415285867,0.637856348075852,0.41386220881258934,0.36183549457259157,3.8340192873313,0.12251134846461949,0.0998896,1.6429334041389283,0.47129119999999997,5.3469009000000005,1.4215413,0.554337,0.949454,22.7226214,0.284082,,0.096789,0.10894000000000001,4.623711043956044,2.9262496894736842,2.3250097733732313,1.0386742991157067,0.6418168161406095,7.209833855758152,0.33237017803547064,2.3447281790525714,,0.0993863760260034,1.9718566651763223,0.4798388,,0.24876030000000002,1.8883073,,0.36142939999999996,2.0275835546875,3.0935799122807013,,,0.22659520000000002,0.5114956313186813,1.285609746811073,0.342605774257274,5.23331,1.2654637999999998,2.7796376934071,0.8907863219895289,0.08422477109179538,,0.24282559421179153
1986,3.592339277310714,5.735345905755994,20.209605277802456,0.958196651724138,1.298328504919072,0.6725954520027865,0.664805246754266,0.3899604347353362,0.3476856062113674,4.145792861745562,0.15109732977303073,0.10718019999999999,1.8031266828822436,0.44644449999999997,5.3241492,1.4337761000000004,0.5467949999999999,0.9758510000000001,23.5135258,0.274864,,0.106007,0.108521,4.303121942307692,3.904653253306343,2.4886635890234636,1.1673306084779862,0.7236774472441697,10.583945012850052,0.4181231296043657,2.7075969463212255,0.020043905635648753,0.10008191602600341,2.031280522229219,0.5834994,,0.2493469,1.7235565,,0.3475605,2.103162610176282,3.026915937921727,,,0.219975,0.4930957758241758,1.148587378490461,0.33775678706505263,5.475911,1.3249618,2.9484915392998516,1.000883507853403,0.08273921312314694,,0.24778192498842727
1987,3.783334784896207,5.993175738219498,19.578206126005384,0.9457913620689654,1.291627943966095,0.8531275449768623,0.393395841181832,0.35956845256080117,0.31901000550278913,4.200621669673649,0.1898925901201602,0.1648765,2.0998301242815307,0.4204245999999999,5.1684069,1.3901163,0.582829,1.008114,23.861253900000005,0.271093,,0.111873,0.106426,4.890805126373626,4.913028718353576,2.183618917925335,1.2156196576287839,0.6398635829246326,8.950180688142503,0.48113489904502044,2.857504221664149,0.05211415465268676,0.1019422760260034,2.103285988853904,0.7335014,,0.2646823,1.9378330999999998,,0.3238451,1.9816908002804487,2.7815182118758437,,,0.2097933,0.46359242032967035,1.2208717378160392,0.31696606856131665,5.620466,1.2856596,2.925639669250091,0.9888729057591623,0.07603334170484036,0.011732000000000001,0.23487287373413568
1988,3.984479140558473,5.978749062098176,19.23469621574304,0.9938578862068966,1.2621996505617268,0.8377616772533213,0.6913974679963544,0.3115383686695279,0.3119377112618724,4.407673909678086,0.19655519359145524,0.2026703,2.38744281507694,0.41225409999999996,4.7958321,1.3507303000000002,0.575706,1.045824,23.8318401,0.239668,,0.10223600000000002,0.10475,4.918357829670329,5.727698447773279,2.641636642120262,1.2959392404903383,0.7394180704056985,11.45162956282258,0.5602778826739427,3.018726285372164,0.3416799475753604,0.10424965620689654,2.202903792947103,0.935208,,0.2948922,1.8534046,,0.3725748,2.082966340144231,2.8611917347638327,,,0.20681839999999999,0.4485077296703296,1.1586748511997949,0.3069726920028078,5.742395,1.3527834,2.8194403886106736,1.0778493472949386,0.08711629498855655,0.028911000000000003,0.24324416608520413
1989,3.8807981498201025,5.994432748783501,17.976486458297817,1.015235555172414,1.348025576703147,0.8950577758570932,0.6385727396323865,0.28683598090128753,0.30768686687773256,4.427141322228109,0.22868785046728973,0.1929076,3.1386908633635273,0.40320369999999994,3.8426489999999998,1.3012045,0.551404,1.06426,23.1382694,0.240925,,0.11313000000000001,0.101817,6.026834761538462,5.822722275978408,2.866407808986416,1.3433242823889953,0.8250170110356025,11.36214955589773,0.7096027946793997,3.56473447657454,0.35678152031454785,0.10368797198228753,2.282913795465995,0.9486998,,0.3336078,1.8654299000000003,,0.4285113,2.2996926632612182,3.6442284682861,,,0.20782400000000004,0.4150968538461538,1.0928325603103817,0.3058140466561595,5.767116000000001,1.4434131000000001,3.001310655585761,1.1720835197789412,0.08581547265578673,0.062431,0.26075996318273864
1990,3.8865539283360495,6.082568481629029,17.456262811042627,1.0657915172413792,1.4299532256448138,0.9793481937055283,0.6504034610309383,0.2835583099427754,0.3090103206693804,4.935696474389492,0.24706455273698263,0.19558920000000002,3.4417938575703,0.3408984,3.8382076,1.2861624,0.52375,1.08102,21.615832899999997,0.23883000000000001,,0.11732,0.0986326,6.820853804945055,4.4121078852901485,1.9607854897359172,1.4346287600009358,0.8850184428433018,14.356769736684685,0.8474325874488404,3.903046407163123,0.36479908256880733,0.1016741160260034,2.4450950278337533,0.979622,,0.33641509999999997,1.9064081000000002,,0.5653567,2.8174413611778846,3.665695093589744,,,0.19862275999999998,0.40245299934065926,1.2685260777634932,0.30997082415144417,5.795189,1.4317649,3.118764691821274,1.2381418312972658,0.10221452383746567,0.11313000000000001,0.2813933499903042
1991,3.9056878972136255,6.403044706670557,17.719372052840793,1.0844558,1.4132894044256237,0.9460263685923272,0.6831622479948352,0.2526793886266095,0.3035365303305732,5.50253488013509,0.28994352469959944,0.18151080000000003,3.9319900612244902,0.2936352,3.8237940000000004,1.2952966000000001,0.4933180300000001,1.11454,19.3554536,0.22626,,0.11732,0.09469400000000001,7.306139835164834,0.5842081376518218,0.3861916014676546,1.479719290225986,0.8548871437234754,17.947689364587024,0.983385454570259,4.477080814465304,0.3948649410222804,0.10385421637083098,2.459267201511335,1.0271366,,0.3374626,1.9030142000000003,,0.6162652,2.8447074168669877,4.026118789923527,,,0.22811616999999998,0.373012493846154,1.198886637941934,0.33536937012136664,5.907481000000001,1.348342,3.394132424730926,1.2892803059918556,0.1183003868793238,0.165924,0.2882612878437297
1992,4.070994708511708,6.412027752063607,17.306035188478674,1.2167947827586207,1.434688932970365,0.9749615040931482,0.7313938280905363,0.2550776930758226,0.29116243162335176,5.513619340807433,0.3214496395193591,0.1885919,4.479139437002074,0.2860513,3.9491168999999995,1.2249884000000002,0.46909983,1.0810199999999999,16.710139,0.21788000000000002,,0.13827,0.0922219,7.360944114285714,1.0955411489878542,2.2607368888572243,1.551876038319375,0.9888660693576778,18.52306076612903,1.0741125020463849,4.93078847308917,0.3656362039318479,0.10466677793103447,2.3674091032745594,1.1377107000000002,,0.3619322,1.9267714999999999,0.00416157394843962,0.6055388,2.920392229567307,4.177913461538461,,,0.22852679,0.3466656357142857,1.181511006197535,0.3738642602729818,5.9514759999999995,1.2228934000000002,3.2150019658558686,1.3099678886561954,0.13837031179653228,0.230031,0.4006385277035039
1993,4.285579970159682,6.422297420225581,16.634572149678856,1.301741975862069,1.4642486890604864,1.006929838699806,0.7846116868271812,0.2778169909155937,0.27036753618707166,5.7041553183044496,0.3430317757009345,0.19441599999999998,4.781977549633489,0.2903251,4.1979191,1.1287440999999998,0.42952946999999997,0.9637,14.8692625,0.18360579999999999,,0.1676419,0.0906297,7.7219167582417585,0.935710460728745,4.046784749216301,1.6251714017101015,0.9139741771154871,17.988115354595003,1.1785629141882674,4.79173441964386,0.41460769384010476,0.10294233041454681,2.359942565491184,1.039539,,0.3996422,1.9913813,0.01037550881953867,0.6378437,2.7705069821714745,4.1241609260009,,0.004127800269905533,0.20682678000000002,0.34915831736263736,1.1020331294465044,0.3578922600696978,6.034857,1.1679625,3.220058083373078,1.281157580279232,0.1421966964285508,0.26397,0.5402288055169007
1994,4.470400928135628,6.459847630125218,16.236223308472272,1.4460108999999999,1.5184581543107953,1.0106660429566603,0.8632126413058889,0.28006904098712443,0.28338995258990596,6.053685463225038,0.37774332443257674,0.2051005,5.38762607553476,0.2922106,5.3021098,1.1341492000000002,0.40068132000000006,0.8510728000000001,13.306518200000001,0.17564480000000002,,0.23116230000000001,0.08879448,7.750850780219779,1.0389054674763831,4.330666801795384,1.6949681650914705,0.8944952444276143,18.108586905574263,1.172596937244202,4.831438464360437,0.6867926199213631,0.10069802445826267,2.349385559697733,1.1490656,,0.4006478,1.9482243,0.01037550881953867,0.7054703,2.828255875400641,3.9501266749212776,,0.004127800269905533,0.19102629,0.3288163360177639,1.1865269858472773,0.36623047686148386,6.120752,1.3566382,3.2238022568083173,1.3036663382780684,0.14315098457824013,0.29749000000000003,0.5052852687049015
1995,4.68887492384384,6.29393788521056,16.070902325700537,1.5694454103448279,1.5714173566785004,1.2995530057769817,0.8798601685857512,0.26793362610872673,0.28222971353315013,6.50812142353937,0.3797851802403204,0.21938839999999998,5.798946897199787,0.29124690000000003,5.4425586,1.0741903,0.38387523,0.8645227,13.020383099999998,0.17053300000000002,,0.3178953,0.08595784999999999,7.770627580219779,1.0905029708502025,4.394846765588487,1.7936213651569737,0.9147283771154869,18.069914199391338,1.2407452579809004,4.793832727926843,0.6979877727391873,0.10082791445826265,2.338491559697733,1.3061487,,0.3882873,1.9520372000000001,0.014525712347354138,0.7439764,2.8447074168669877,3.9830534497076022,,0.004127800269905533,0.18619103000000004,0.32864505250128034,1.1172637117434743,0.3578475252396883,6.243938,1.5355093,3.203446178200665,1.3962369418266432,0.13913479020979627,0.319278,0.44669879663406326
1996,4.837502795827902,6.802870686451646,16.008228219349984,1.7101903999999999,1.7821458085918565,1.3978083944439472,0.8768370788120916,0.2647374713304721,0.27970970008697765,6.92096324071387,0.42586958611481973,0.2284388,6.480432846649568,0.2870988,5.436147900000001,1.0174995999999998,0.38130676,0.9620659,12.6903787,0.1824745,,0.3194037,0.0825849,7.820289670329671,1.196949327125506,4.404775127609006,1.8588782185467647,1.1356588504646499,18.328558927073036,1.2232021338335608,4.898908328400404,0.7088285053735256,0.09757296344827586,2.4726162037783377,1.4817516,,0.4340421,1.888852,0.03537337856173677,0.764675,2.8737593425480767,4.039743784048583,,0.010347773279352226,0.18465748999999998,0.36055839003950774,1.175959611903037,0.33865788204459213,6.6419880000000004,1.4581199999999999,3.2148315481423184,1.4159596788830713,0.15822850233766797,0.36884570000000005,0.47697554037713324
1997,5.057503541397396,7.107056090672049,15.919907683089257,1.8178560620689657,1.9104795073851404,1.4596997771931133,0.8834243153146996,0.26154345630259984,0.26973019617095173,7.186653581075097,0.4696268357810414,0.2492212,6.545950279925606,0.282825,5.3582977,0.96898359,0.37823130000000005,1.0801401,12.880897999999998,0.2249192,,0.3306329,0.08106812000000001,7.833735656593405,2.3943513551956817,4.40428654662297,1.8817273238431667,1.3941370177495498,18.101721891564686,1.2011450706684856,4.915186964940907,0.742684584010485,0.09731548332956472,2.5796583554156167,1.52935,,0.48545340000000003,1.8348848,0.12450610583446405,0.7623285999999999,2.9367992858573717,4.045033058726945,,0.0185751012145749,0.1741783,0.39383440192776054,1.248120598957651,0.33354899491319184,6.709447,1.4910115,3.172296682974039,1.4035500639906922,0.17974983903521166,0.422771,0.44093119118632784
1998,5.2411831745633455,7.268568273703426,15.424627771446593,1.8447760896551721,2.2072589194133334,1.6931312320819027,0.8564754166362856,0.25264316500073997,0.26803091839317394,7.448449075042543,0.48596168224299063,0.23556180000000004,6.268248827290007,0.2745707,5.557322699999999,0.9337792099999999,0.4797131,1.0870955,12.751846,0.26686109999999996,,0.3425744,0.08076225000000001,7.993998552197801,4.365375984075573,4.609136928260663,1.8734269167875355,1.4058157258865618,18.657846609505192,1.199100545020464,5.09176846680734,0.7542432179554391,0.09524715737328057,2.5720647455919394,1.5084,,0.5697981,1.8001078000000001,0.17223344640434193,0.7059312,2.915936157852564,4.144736634412955,,0.0247668016194332,0.17096876,0.34970869042236585,1.18179440682519,0.32105161457412,6.711542000000001,1.4537205,3.1090018073043346,1.425569501163467,0.18695079932184652,0.52375,0.4217793671779654
1999,5.069763794242273,6.934122817662853,14.775027916308296,1.7467634164425894,2.492906713084436,1.8312746011792806,0.8519839335232163,0.2310601908403991,0.27840629419336876,6.664747918252719,0.6105148865153538,0.21012850000000002,6.271328084415584,0.2672801,5.7444481,0.8697474624,0.5803569,1.2624889,12.7697792,0.2959397,,0.33938999999999997,0.08114773,7.4631186456043945,5.374623150067476,4.297110738819227,1.8728277533649118,1.4362563943511597,17.117237408990082,1.2046894219645294,4.694010217382708,0.8030258009174311,0.09312017141699641,2.452342434949623,1.53773,0.0,0.5751608857344633,1.7330259,0.2075101763907734,0.7112525000000001,2.8064123948317308,3.8688564793072424,0.0,0.1300257085020243,0.17592133999999998,0.3141821098630625,1.1510693990717427,0.3734641224713408,6.713218,1.4503266,2.874515818997313,1.3581144011052937,0.20360222716522175,0.6375923,0.42548756771299145
2000,5.551814392581107,7.13648558997329,14.563639104420629,1.732459096529639,2.8110305469040306,1.5202625974025974,0.9047237609752394,0.21624692476366578,0.27538046385153514,6.71604206984372,0.7432243257676903,0.19215339999999997,6.700399627358328,0.2634253,5.289665919,0.8645522395000002,0.5894910999999999,1.4797823,13.686661208118394,0.305032,,0.31425,0.08113935,8.03077306658852,5.396533254572106,4.60432531048916,1.97033784501499,1.6835091205960817,18.37383632074917,1.1772338088159195,5.091828754568897,0.877317532214941,0.09549632087562958,2.7983753000000005,1.5440150000000001,,0.5663984941554646,1.630624959520958,0.23870393536237308,0.5790109986320109,2.9119915534545053,4.464369354599344,,0.37072326670715255,0.16143232,0.30379157132877965,1.5541424862836073,0.39741292644216253,6.813778,1.4314716,3.0088497939356684,1.405806972036905,0.29877411716888946,0.6933612000000001,0.386932055849623
2001,5.572737476798289,7.368835980873321,14.434910147296721,1.8406322628812022,2.942516017869854,1.332939971139971,0.9179720290267861,0.2110711133067829,0.2650344879853589,6.831062926516403,0.710565821094793,0.1729632,6.768732043011677,0.2613722,4.888824122,0.8596692973,0.6276201,1.6798129,14.735374479249513,0.3245155,,0.3006744,0.08143684,7.952827948111035,5.190246241100098,4.463754478739903,1.9649116440335068,1.6759840369547019,17.92049752018847,1.2528662260667074,4.961530383080149,0.8980309701965924,0.09313845579126993,2.7549669000000003,1.5314450000000002,,0.5256041954022989,1.5754438889221558,0.39197598991718524,0.5481391244870041,2.809430004810197,4.411931143976904,,0.4313718882051283,0.14843494000000002,0.2846470082545201,1.4380291719694407,0.4169589987991201,6.906377000000001,1.4320163,2.8565274165765024,1.3653527298222377,0.3260553679006169,0.7163643000000001,0.3775655927395941
2002,5.83623807440998,7.450694079668386,14.32580589174204,1.813182867395655,3.293619579517809,1.2755617604617606,0.8829675005063548,0.20521285994203542,0.304986363121119,6.398032026289532,0.7575285046728972,0.23174890000000004,6.584044246727626,0.25441680000000005,4.858064494000001,0.8910552046,0.6424946,1.9806549,16.0768360449,0.34399900000000005,,0.30159620000000004,0.08118544,7.505245391236824,4.3523027863092745,4.13803896738292,1.8440914854101838,1.5642138963933119,16.34322468244428,1.3718050785035518,4.567869231507266,0.9029484925819136,0.0952528717475541,2.9704586,1.86874,,0.5048449003993766,1.5603797349700599,0.46516626023487584,0.5355863201094391,2.7048099441767453,3.9809843737773107,,0.4874612016329285,0.15513475000000002,0.284421504891885,1.4290955589041379,0.43108304838922035,6.991685400000001,1.4766398000000003,2.653472766656082,1.4337456912377464,0.3582283555210527,0.7211828,0.38459829960526687
2003,6.155433033526748,7.885585492454115,13.934024782914424,1.805639504163435,3.415477492452673,1.1939081529581532,0.9413567809762521,0.1982573180163088,0.3213289305143834,6.17926276707683,0.7514029372496661,0.233383,6.416997686081787,0.24679099999999998,4.444455767,0.9009356436,0.6443382000000001,2.15568377,17.8374075496,0.364949,,0.29891460000000003,0.07991168,8.467563045155794,2.7664268317511285,4.843805868595042,1.685418367237303,1.834640965401916,19.294939428039978,1.3219484987298302,5.287346916320501,0.8895742761730011,0.09478586613345107,3.3103095,1.7946913344270914,0.051847482014388484,0.4611662115234756,1.5533368718562874,0.5330596544121087,0.573244733242134,2.923764841404131,4.7002499035258625,,0.5410107926450742,0.1418315,0.29250992915312707,1.2370065415230793,0.43969915718028413,7.1056115,1.4827572,2.4154246374215362,1.4838401215059154,0.41823927335911,0.7565045,0.3760010760590121
2004,6.3409169564537065,7.962788483614383,13.632457627613475,1.7189825168202784,3.38988251494328,1.1690531696969695,1.187140422147957,0.1965038070392201,0.2984267390939344,7.129693541836893,0.7985054739652869,0.22915110000000002,6.284701165020359,0.2390395,3.9961710189999997,0.8841869984999999,0.6477321,2.493108567174819,19.411889547999998,0.38631799999999994,,0.27561820000000004,0.0794843,8.750088960671206,4.187740277956164,5.165717023884298,1.6101979780352456,2.0906575357378006,20.64778903612345,0.9842174880039516,5.500461248609294,0.8372054507942334,0.09545008091388994,3.5007869,2.2870266666850476,0.37016690647482015,0.4806018158971362,1.45982351851497,0.6939352807748094,0.5727174008207935,3.2064392460374176,5.097767823346486,,0.6025244869148447,0.14658296,0.361016276859231,1.0803182271117957,0.43252881508342966,7.2927369,1.5224365,2.3275491244654134,1.521265959686818,0.4092927603074989,0.8553466000000001,0.4431603241144225
2005,6.231039162879171,7.813988707292261,12.946604929578033,1.6495643121329853,3.7283213734537917,1.1611624504473304,1.197371318421186,0.22298527891829326,0.33976619072407116,7.098241531624088,0.7758551770000001,0.2560509,5.79051740393623,0.22781030000000002,3.549814928,0.8395804730280001,0.93077498,2.5765649982035534,19.8949347455,0.407687,,0.2283131,0.07893541000000001,8.709798893577723,3.768219048117641,5.464223958815427,1.5921731787437334,2.202206587363152,21.646720559894828,0.9078379736674977,5.721568604013239,0.8290243637680209,0.3804272972211325,3.621738373,2.6159998429310347,0.38162158273381297,0.5265709796806447,1.3897090922155686,0.7319311340388399,0.5655668104445964,3.4343903636054414,5.075926234252849,,0.6061270469357626,0.15264170000000002,0.3696410747658107,1.0612129376805233,0.4228892598011669,7.59868651,1.4633575,2.2506742257098686,1.4310331872375606,0.4998109419712325,0.7914491000000001,0.5255887168520652
2006,6.585854077865335,7.648642567783216,12.758683285270683,1.6522497300531354,3.9400878981633367,1.1639141921356422,1.205634788245415,0.23212960871100782,0.3428019328233765,7.17087990286653,0.7055398540000001,0.2417211,5.388965171791839,0.20933240000000003,3.2086114960000005,0.8225451431,1.35201244,2.726249636262338,20.374052781699998,0.418581,,0.2267628,0.07854574,8.825051345219363,4.107098995707106,5.604404783498624,1.5159252010546076,2.3752939005783196,21.324608746227383,0.8515044811709085,6.102989704978706,0.7604589978374835,0.37477090602165314,3.6118638000000005,2.8776443585651954,0.3370086330935252,0.5949551736990063,1.3894750882926945,0.7226021932298838,0.5061711243980848,3.685874667233667,4.8413748038662945,,0.7350804282458838,0.14717794,0.476995682439087,0.9850485528868383,0.4528271682776059,7.74168283,1.5102855000000002,2.104465741837406,1.3481432144182854,0.5442361757844099,0.7183755,0.5555885391681525
2007,6.768166763592997,7.216490664786784,12.778517446233288,1.6011862391376792,3.9809415912909363,1.1720468853968253,1.1504085383448277,0.22983088066875818,0.3013657794092339,6.944308641485715,0.6355747731,0.2455595433713,4.952275241469174,0.1988155,3.208496271,0.8201127376156206,1.8167798099999999,2.81487152208379,20.838167103503352,0.430313,,0.2064832,0.07769936,8.935415785335,4.4032467592638085,5.448251975627709,1.4597054771536981,2.4076092897571675,20.486578427324098,0.8160352451545374,6.018660810720168,0.668089887706422,0.3996073827553819,3.6235958,3.4016237076824605,0.31590791366906473,0.48118261873051826,1.4166389999999998,0.742877136557435,0.5137356535294118,3.753711255251259,4.491414240684117,,0.997102476437247,0.20366332999999998,0.4006394386802358,1.0254267192531292,0.3978634359373548,7.806732580000001,1.5268779000000003,2.00427261639324,1.396668084309004,0.5740822579693831,0.6788219,0.5887877464373954
2008,6.652359794251396,6.5739533648272594,12.663107694982813,1.5840208768263708,4.139252473460971,1.3004292411688312,1.1392169126031697,0.23888227282757907,0.2885306716558043,6.948870268558029,0.5880860673,0.2193878023384,4.7859125439049235,0.1977261,3.0079519770000007,0.7802773220465462,1.8992809099999999,2.963475892853696,20.70925157134429,0.4443495,,0.20032390000000003,0.07696192,9.026326738986397,4.999462432360743,5.707725577961434,1.5532731872878396,2.7027406466405055,21.367916734429404,0.8224552419203085,6.085845082183667,0.6200202439528179,0.3978395575988539,3.5514862362056,3.8669765431344616,0.28033812949640285,0.5110861890590297,1.452018155688623,0.7366294760933794,0.5025932948618331,3.697348674135177,4.4314041928905175,,0.9456860195141701,0.18700808,0.38636859078884855,1.0109007395867458,0.35865870234005315,7.97941924,1.5835267,2.070996883711065,1.4073074296591055,0.606243087800997,0.6353716,0.6280110322975423
2009,6.637604743307408,6.14522842297548,13.516367945089417,1.4264294114204523,4.428150351903541,1.4799236051803755,1.0942148720188365,0.28881928008802926,0.285011985640149,6.530641597370798,0.5406328089,0.1915784961755,4.532139954276449,0.1884662,2.857518826,0.7362775118929206,2.13131054,3.205124877797763,21.00710332147067,0.45545300000000005,,0.1866645,0.07640464999999999,8.68248599255774,5.017030166293801,5.071112249703443,1.6617387261888705,2.614437575450524,19.23240390102773,0.8097759682104718,5.418222112464802,0.6024308798558323,0.39576871165683003,3.2361045999999996,3.6049424314416676,0.25923741007194245,0.5904853049427723,1.477394,0.6553769536161503,0.5042049368057455,3.4232338657385513,4.479386549469533,,0.9807910665452091,0.17741717,0.38012182470260025,0.9374897294594223,0.3445242158047791,7.939631,1.5921120100000001,2.028270141342112,1.3324599231524576,0.6279675344972981,0.6962942,0.6080397277039481
2010,6.944741501430933,6.100661752402654,13.9584835291999,1.3943702498053216,4.662121271846774,1.734288637821068,1.0942626091010685,0.30492504631352885,0.2611118305520765,6.110488801194981,0.5093605344,0.213949469102,4.123154873502429,0.1796253,2.638091459,0.7064635965635808,2.15019487,3.3389474680565914,21.46602475220931,0.466347,,0.1529060052,0.07583899999999999,8.884163470272505,5.062087045594258,5.170274970927411,1.768248142862714,2.971570365663866,19.412298024764162,0.7763931578421224,5.665451690163499,0.598785258604194,0.39575190414460604,3.0911725000000003,3.726103473496799,0.2682805755395683,0.6721491387845802,1.467757,0.6056707348728122,0.4878752028043776,3.544155765038511,5.115817611000136,,0.9536681843859649,0.16238764000000003,0.3119920359269305,1.0278196719009949,0.3530132173180152,8.506286600000001,1.7292132933000002,2.0372841910279633,1.385645825605601,0.6381267180935559,0.6392264,0.5846964628665942
2011,7.337986238826976,6.0553264584113,14.499285167650665,1.3066656326829842,4.770206590902035,2.0198558325974028,1.1233088550260115,0.29195182112955104,0.2462303308291634,5.929134185666414,0.45841197800000005,0.222361894255,3.9041378867916583,0.17690180000000003,2.1776443979999995,0.697700504807538,1.9313805,3.3546837790940995,21.765527291810493,0.482269,,0.1502115,0.07540324,8.904936734717383,5.690094564120016,5.9033079677685985,1.8106303249538913,3.2574717717070056,21.901151000800297,0.7101644411543079,6.305877179432525,0.42590152582568813,0.4147069906065119,3.0031825000000003,3.437130367061,0.25019424460431655,0.6418380281019871,1.4496977391797232,0.5938927219215453,0.4943336206566348,1.0196502161801462,4.961633428604349,,0.6005996268690958,0.14929389,0.41159901272831595,0.9020204272729897,0.33870395048276786,8.50048345,1.7966849471000002,1.9402502880652468,1.2429434715942036,0.6626404360147522,0.6464751,0.5540141925062049
2012,7.870187425058237,6.027619942271796,16.55072939557549,1.2922272875671368,4.690623396651833,2.0892418456421358,1.1354109577011884,0.28764882896382665,0.21713682687041,5.8377173825539765,0.4181616229,0.2261252104235,3.6395862076185574,0.1668458,1.8670983580000002,0.6997906469775007,1.8326347699999999,3.321806500647072,22.07022354573119,0.502381,,0.1326135,0.07411272,7.562061515697176,6.340101205395785,6.451263136060606,1.8854866584795131,3.4457790639779073,23.0125503916557,0.33850314590487846,6.546688781573837,0.34109596811009174,0.37909068296036824,2.8161828,3.573896399644544,0.22246187050359711,0.59671398521654,1.4550230519898648,0.6353467018539528,0.46393885625171005,3.040578769582232,4.878886101002203,0.06424104607287448,0.21338660668016196,0.15903983,0.40897047786517426,0.8959353603662298,0.3263025589025973,8.6933282,1.7827871361,1.8682732291556767,1.25991387495269,0.7236730481123105,0.71205698,0.5356085711867814
2013,8.406806652243432,5.943332555955777,18.79016492355245,1.2647912115761857,4.596996238614456,2.2286396507673683,1.1833724694633097,0.3064760704693584,0.2140416407095883,5.773042534134635,0.36381376140000005,0.23052496815040002,3.4680878111739113,0.17308890000000002,1.7030837410000002,0.717212599718133,1.8371055000000005,3.4487190870146964,22.30016820429479,0.522493,,0.12151000000000002,0.07350936,7.1092578297854825,6.370075642857973,6.344930620385675,1.9308439485744933,3.5267666693664963,22.559508451432478,0.1125635723851202,6.819926831402302,0.37853930893184795,0.4306023282632647,2.7144495999999996,3.5701280282091767,0.19944351759116952,0.516354793564436,1.4397281188033024,0.5545359733852886,0.4464718696990423,2.0679224004358328,4.586256452108492,0.2058302837786775,0.24323764816464233,0.14695587000000002,0.4674387734754924,0.7462035334401742,0.2755392983473793,8.797294041499999,1.7795189779999998,1.7908886246174225,1.203140812332313,0.7162615963739634,0.70860442,0.5074790062442277
2014,9.043167399737213,5.7443926867938115,21.97261948247575,1.2480461763880015,5.130854834864053,2.1856222248930006,1.249876228129398,0.3159858007038029,0.21176941669956822,5.803580238352384,0.3406641371,0.24156047375220002,3.553140009275171,0.1697788,1.672979848,0.7089583069916879,1.78129051,3.3984718901469626,22.421061983132994,0.538415,,0.11750217689356446,0.07338785,7.2925481501085745,6.654122031562659,6.294428642727272,1.9365743552872545,3.498041937355818,22.786207855033183,0.06117184162863998,6.8463174343074975,0.2892520920707733,0.4418405854389269,2.8815049,3.489323564609446,0.19541457489925151,0.5401525059838301,1.4723742663183772,0.5564002143615104,0.4412415345417236,1.0216775616335598,4.578989319937819,0.3206301882051282,0.24685174369095814,0.13672389000000001,0.4856403925072947,0.8000979052896031,0.25783105409775386,8.8588751,1.7447357821824163,1.7163834485483245,1.24848096105421,0.7075613575435775,0.6642407,0.5553067543419858
2015,9.369924029844258,5.342881693500907,23.757858769302548,1.2589143454430327,5.538868745288596,2.219156223823954,1.219650697595888,0.27383376314573715,0.20213156165185606,5.671754901903151,0.3222031228,0.22920160592480002,3.664845119922189,0.1677257,1.8975558869999998,0.6926556988632409,1.76063381,3.359291074235578,22.701190222975335,0.554337,,0.11375816238148605,0.07444498699999999,7.552179063363163,8.1962666847038,6.2115481630440765,2.0124958099009578,3.4040428491634436,23.800632025387234,0.05018932869172508,7.377016764240968,0.10924415391218874,0.43937908071787996,2.8167275,3.694015400451687,0.24340624235236075,0.5000216603241282,1.4845589000000001,0.5088765970873891,0.4467543077975376,0.8570741803171693,4.430494536239021,0.3049158618901262,0.2250933988259109,0.12271672000000002,0.5667006144253706,0.7117000453756976,0.25881824846864004,8.990064,1.7251070413750926,1.7002887540566969,1.3487057903964197,0.7373648419642971,0.7193811,0.5594625386180666
2016,9.500153308972138,5.08458840944342,22.7252928645257,1.1996303801083275,5.7067796634580965,1.9604050271128426,1.234920427375184,0.24506526090220623,0.18148337271973938,5.071284048157075,0.2901312706,0.1575237629704,3.7771171458340342,0.1593038,1.98792782658,0.6549609502834187,1.73581644,3.292915028859399,23.292212035130024,0.552242,,0.11057311076202478,0.07606666784,9.056452471701272,9.117710643875052,6.399568357743803,2.0663472910195892,3.4188058068665557,24.583241565877955,0.04614254993649151,7.641704771625271,0.06747878580602883,0.44347510834899084,2.8666723,3.5936807346369775,0.2570988340719424,0.49810592169491524,1.4176865,0.4364894616196465,0.4629088040766073,0.8097662250178097,3.826484251066281,0.24240465747725146,0.21443397097165995,0.11549316000000001,0.5317684519329515,0.6540234837753808,0.24713186274211826,8.3668015,1.6853377446275648,1.7919063722435198,1.3953989573778198,0.7595558075468574,0.6499109000000001,0.5276487326286154
2017,10.29996775444406,4.58686385517239,24.047349396755845,1.1413622448394782,5.963065770757115,1.8847416985039247,1.1931907244800293,0.2389953637774166,0.18351893290672638,4.507768548460646,0.2822789173,0.17380944927200007,3.7158773059390917,0.1522646,1.9538108689000002,0.6292714870729257,1.63784167,3.644467343421803,23.224947683636522,0.550147,,0.11582836,0.07737161525390626,9.86693222330723,9.317742194157203,6.074191404132231,1.9929468193420483,3.3136409512076828,23.435482325445967,0.04520214389891112,7.38379962797091,0.12380818479685453,0.42963264577930776,2.7925511999999997,3.419247076415789,0.21655516420143883,0.5782282261299435,1.3482581999999999,0.3756848978694088,0.4394862340629274,1.8333481911251999,3.959231103794684,0.2522096294490592,0.19527704561107936,0.09329873000000001,0.620603208639831,0.6262557020684502,0.22992939290675185,8.0241014,1.6943398178033173,1.7165718789385662,1.3766087571124406,0.7358887820079902,0.580315,0.5108264589128709
2018,11.240793739086174,4.28597917083559,28.14108483626295,1.1540245127989748,5.875354744275323,1.9099903918919467,1.161586570619633,0.26817889511311704,0.1634404056845603,3.168817784783369,0.23660351780000002,0.19626793391,3.483845671045876,0.14987630000000002,2.1314693410000003,0.6385222539346314,1.64240877,3.8219708901487635,23.604195473991226,0.5274372,,0.12117898999999999,0.0793560441,9.4139792529644,9.511751809283693,6.152806971694215,2.0038307963503112,3.3308207620353936,24.168659668588386,0.044038339040728146,7.403171728607623,0.1467356712221494,0.42590789550252683,2.7374108,3.1041796153879866,0.25417018082014387,0.709423991101695,1.4326762616226807,0.3644253508210806,0.4047170580711354,2.3021200123314456,4.037523613211534,0.26346118561079307,0.2064744821570911,0.0964986067912595,0.6185307734267378,0.6352547750648426,0.22678696274341345,7.9235413999999995,1.6570465881838912,1.6560540000584565,1.3558068677106194,0.7149560103907817,0.519979,0.4380404725199841
2019,11.516285860482844,3.977081482826554,31.287419090828415,1.2081513497224283,6.317702060104531,1.9548972674446028,1.1924954310132307,0.25386885680517396,0.15336744940146071,1.9536128214030946,0.21022210460000001,0.179271987049,3.283649209855068,0.14945730000000002,2.170063668911256,0.619191585076539,1.5974049789188998,3.830613337297364,23.803256884370402,0.5249232,,0.11719011,0.08165024927,6.738828833914588,9.813854030871582,6.03476404412145,1.9830498888031263,3.2902233534477388,23.3200320127107,0.04293998314445558,7.5524712553345825,0.17676033944954128,0.4373245697544635,2.6948404,2.893785833539134,0.2791950794100719,0.7278582748587572,1.4057657315443544,0.3433568638221034,0.4560852257181942,2.4215781536763132,4.249538814344343,0.2862827512753959,0.21096731656685294,0.0964986067912595,0.6545296784494503,0.8641098630149461,0.24725547751166868,8.0034866,1.5705889113323916,1.5996920504669,1.2499313968180954,0.7134398362365698,0.47942818,0.43102912952945843
